Room,Building,Equipment,PO_Link,Photo_Link,SOP_Link,Last_Calibrated,Next_Calibration_Due,Responsible_Department,Faculty_Name,Faculty_Email,AMC_Renewal_Due,Service_Due,Purchase_Date,Cost,Vendor,Warranty_Until,Funding_Source,Material_Code,Material_Description,Short_Description,Material_Type,Material_Group,Material_Category,Brand_Make,Model_Number,Vendor_Code,Purchase_UOM,Standard_Lead_Time,Contract_Reference,Valuation_Class,Account_Assignment_Category,Cost_Center,Asset_Category,Price_Control_Method,Tax_Code,HSN_SAC_Code,Inventory_Managed,Storage_Installation_Location,Maximum_Stock_Level,Serial_Number_Tracking,Shelf_Life,Delivery_Location,Approved_Vendor_List,Manufacturer_Part_Number,Material_Image,Technical_Specification,Remarks
JC301,JC Bose Block,Oscilloscope,https://drive.google.com/file/d/1PO_EXAMPLE_JC301_OSC/view?usp=sharing,https://drive.google.com/file/d/1IsPZVAOsWL0Sr5K1qUTATIn2MmLJxZnJ/view?usp=drive_link,https://drive.google.com/file/d/1SOP_EXAMPLE_FILE/view?usp=sharing,2025-12-15,2026-12-15,Civil Engineering,Dr. Faculty 1,incharge.jc301@srmap.edu.in,2026-09-30,2026-07-31,2024-01-15,53500,ABC Technologies,2027-03-31,Institute Fund,SRMAP-MM-000001,Oscilloscope,Oscilloscope,Asset,Civil Engineering,Capital Asset,Keysight,OSCI-101,VEN-00101,Nos.,15 Days,RC-2026-CIV-01,Capital Equipment,Asset,Civil Engineering,Laboratory Equipment,Standard Price,GST 18%,90230090,Yes,JC301,1 Nos.,Yes,Not Applicable,JC301,"ABC Technologies, XYZ Systems",KEYS-OSCI-001,https://drive.google.com/file/d/1IsPZVAOsWL0Sr5K1qUTATIn2MmLJxZnJ/view?usp=drive_link,Specification sheet attached / to be updated,Demo master data; replace during final inventory validation
JC301,JC Bose Block,Digital Multimeter,https://drive.google.com/file/d/1PO_EXAMPLE_002/view?usp=sharing,https://drive.google.com/file/d/1IsPZVAOsWL0Sr5K1qUTATIn2MmLJxZnJ/view?usp=drive_link,https://drive.google.com/file/d/1SOP_EXAMPLE_FILE/view?usp=sharing,2025-12-15,2026-12-15,Civil Engineering,Dr. Faculty 2,incharge.jc301@srmap.edu.in,2026-09-30,2026-07-31,2024-02-15,57000,ABC Technologies,2027-03-31,Institute Fund,SRMAP-MM-000002,Digital Multimeter,Digital Multimeter,Asset,Civil Engineering,Capital Asset,SRMAP Standard,DIGI-102,VEN-00102,Nos.,15 Days,RC-2026-CIV-01,Capital Equipment,Asset,Civil Engineering,Laboratory Equipment,Standard Price,GST 18%,90230090,Yes,JC301,1 Nos.,Yes,Not Applicable,JC301,"ABC Technologies, XYZ Systems",SRMA-DIGI-002,https://drive.google.com/file/d/1IsPZVAOsWL0Sr5K1qUTATIn2MmLJxZnJ/view?usp=drive_link,Specification sheet attached / to be updated,Demo master data; replace during final inventory validation
JC301,JC Bose Block,Function Generator,https://drive.google.com/file/d/1PO_EXAMPLE_003/view?usp=sharing,https://drive.google.com/file/d/1IsPZVAOsWL0Sr5K1qUTATIn2MmLJxZnJ/view?usp=drive_link,https://drive.google.com/file/d/1SOP_EXAMPLE_FILE/view?usp=sharing,2025-12-15,2026-12-15,Civil Engineering,Dr. Faculty 3,incharge.jc301@srmap.edu.in,2026-09-30,2026-07-31,2024-03-15,60500,ABC Technologies,2027-03-31,Institute Fund,SRMAP-MM-000003,Function Generator,Function Generator,Asset,Civil Engineering,Capital Asset,Keysight,FUNC-103,VEN-00103,Nos.,15 Days,RC-2026-CIV-01,Capital Equipment,Asset,Civil Engineering,Laboratory Equipment,Standard Price,GST 18%,90230090,Yes,JC301,1 Nos.,Yes,Not Applicable,JC301,"ABC Technologies, XYZ Systems",KEYS-FUNC-003,https://drive.google.com/file/d/1IsPZVAOsWL0Sr5K1qUTATIn2MmLJxZnJ/view?usp=drive_link,Specification sheet attached / to be updated,Demo master data; replace during final inventory validation
JC301,JC Bose Block,Soldering Station,https://drive.google.com/file/d/1PO_EXAMPLE_004/view?usp=sharing,https://drive.google.com/file/d/1IsPZVAOsWL0Sr5K1qUTATIn2MmLJxZnJ/view?usp=drive_link,https://drive.google.com/file/d/1SOP_EXAMPLE_FILE/view?usp=sharing,2025-12-15,2026-12-15,Civil Engineering,Dr. Faculty 4,incharge.jc301@srmap.edu.in,2026-09-30,2026-07-31,2024-04-15,64000,ABC Technologies,2027-03-31,Institute Fund,SRMAP-MM-000004,Soldering Station,Soldering Station,Asset,Civil Engineering,Capital Asset,SRMAP Standard,SOLD-104,VEN-00104,Nos.,15 Days,RC-2026-CIV-01,Capital Equipment,Asset,Civil Engineering,Laboratory Equipment,Standard Price,GST 18%,90230090,Yes,JC301,1 Nos.,Yes,Not Applicable,JC301,"ABC Technologies, XYZ Systems",SRMA-SOLD-004,https://drive.google.com/file/d/1IsPZVAOsWL0Sr5K1qUTATIn2MmLJxZnJ/view?usp=drive_link,Specification sheet attached / to be updated,Demo master data; replace during final inventory validation
JC302,JC Bose Block,Desktop Computer,https://drive.google.com/file/d/1PO_EXAMPLE_005/view?usp=sharing,https://drive.google.com/file/d/1IsPZVAOsWL0Sr5K1qUTATIn2MmLJxZnJ/view?usp=drive_link,https://drive.google.com/file/d/1SOP_EXAMPLE_FILE/view?usp=sharing,2025-12-15,2026-12-15,Civil Engineering,Dr. Faculty 5,incharge.jc302@srmap.edu.in,2026-09-30,2026-07-31,2024-05-15,67500,ABC Technologies,2027-03-31,Institute Fund,SRMAP-MM-000005,Desktop Computer,Desktop Computer,Asset,Civil Engineering,Capital Asset,Dell,DESK-105,VEN-00105,Nos.,15 Days,RC-2026-CIV-01,Capital Equipment,Asset,Civil Engineering,Laboratory Equipment,Standard Price,GST 18%,90230090,Yes,JC302,1 Nos.,Yes,Not Applicable,JC302,"ABC Technologies, XYZ Systems",DELL-DESK-005,https://drive.google.com/file/d/1IsPZVAOsWL0Sr5K1qUTATIn2MmLJxZnJ/view?usp=drive_link,Specification sheet attached / to be updated,Demo master data; replace during final inventory validation
JC302,JC Bose Block,Projector,https://drive.google.com/file/d/1PO_EXAMPLE_006/view?usp=sharing,https://drive.google.com/file/d/1IsPZVAOsWL0Sr5K1qUTATIn2MmLJxZnJ/view?usp=drive_link,https://drive.google.com/file/d/1SOP_EXAMPLE_FILE/view?usp=sharing,2025-12-15,2026-12-15,Civil Engineering,Dr. Faculty 6,incharge.jc302@srmap.edu.in,2026-09-30,2026-07-31,2024-06-15,71000,ABC Technologies,2027-03-31,Institute Fund,SRMAP-MM-000006,Projector,Projector,Asset,Civil Engineering,Capital Asset,Dell,PROJ-106,VEN-00106,Nos.,15 Days,RC-2026-CIV-01,Capital Equipment,Asset,Civil Engineering,Laboratory Equipment,Standard Price,GST 18%,90230090,Yes,JC302,1 Nos.,Yes,Not Applicable,JC302,"ABC Technologies, XYZ Systems",DELL-PROJ-006,https://drive.google.com/file/d/1IsPZVAOsWL0Sr5K1qUTATIn2MmLJxZnJ/view?usp=drive_link,Specification sheet attached / to be updated,Demo master data; replace during final inventory validation
JC302,JC Bose Block,Network Switch,https://drive.google.com/file/d/1PO_EXAMPLE_007/view?usp=sharing,https://drive.google.com/file/d/1IsPZVAOsWL0Sr5K1qUTATIn2MmLJxZnJ/view?usp=drive_link,https://drive.google.com/file/d/1SOP_EXAMPLE_FILE/view?usp=sharing,2025-12-15,2026-12-15,Civil Engineering,Dr. Faculty 7,incharge.jc302@srmap.edu.in,2026-09-30,2026-07-31,2024-07-15,74500,ABC Technologies,2027-03-31,Institute Fund,SRMAP-MM-000007,Network Switch,Network Switch,Asset,Civil Engineering,Capital Asset,Dell,NETW-107,VEN-00107,Nos.,15 Days,RC-2026-CIV-01,Capital Equipment,Asset,Civil Engineering,Laboratory Equipment,Standard Price,GST 18%,90230090,Yes,JC302,1 Nos.,Yes,Not Applicable,JC302,"ABC Technologies, XYZ Systems",DELL-NETW-007,https://drive.google.com/file/d/1IsPZVAOsWL0Sr5K1qUTATIn2MmLJxZnJ/view?usp=drive_link,Specification sheet attached / to be updated,Demo master data; replace during final inventory validation
JC303,JC Bose Block,3D Printer,https://drive.google.com/file/d/1PO_EXAMPLE_JC303_3DP/view?usp=sharing,https://drive.google.com/file/d/1IsPZVAOsWL0Sr5K1qUTATIn2MmLJxZnJ/view?usp=drive_link,https://drive.google.com/file/d/1SOP_EXAMPLE_FILE/view?usp=sharing,2025-12-15,2026-12-15,Civil Engineering,Dr. Faculty 8,incharge.jc303@srmap.edu.in,2026-09-30,2026-07-31,2024-08-15,78000,ABC Technologies,2027-03-31,Institute Fund,SRMAP-MM-000008,3D Printer,3D Printer,Asset,Civil Engineering,Capital Asset,Bosch,3DPR-108,VEN-00108,Nos.,15 Days,RC-2026-CIV-01,Capital Equipment,Asset,Civil Engineering,Laboratory Equipment,Standard Price,GST 18%,90230090,Yes,JC303,1 Nos.,Yes,Not Applicable,JC303,"ABC Technologies, XYZ Systems",BOSC-3DPR-008,https://drive.google.com/file/d/1IsPZVAOsWL0Sr5K1qUTATIn2MmLJxZnJ/view?usp=drive_link,Specification sheet attached / to be updated,Demo master data; replace during final inventory validation
JC303,JC Bose Block,Soldering Station,https://drive.google.com/file/d/1PO_EXAMPLE_009/view?usp=sharing,https://drive.google.com/file/d/1IsPZVAOsWL0Sr5K1qUTATIn2MmLJxZnJ/view?usp=drive_link,https://drive.google.com/file/d/1SOP_EXAMPLE_FILE/view?usp=sharing,2025-12-15,2026-12-15,Civil Engineering,Dr. Faculty 9,incharge.jc303@srmap.edu.in,2026-09-30,2026-07-31,2024-09-15,81500,ABC Technologies,2027-03-31,Institute Fund,SRMAP-MM-000009,Soldering Station,Soldering Station,Asset,Civil Engineering,Capital Asset,SRMAP Standard,SOLD-109,VEN-00109,Nos.,15 Days,RC-2026-CIV-01,Capital Equipment,Asset,Civil Engineering,Laboratory Equipment,Standard Price,GST 18%,90230090,Yes,JC303,1 Nos.,Yes,Not Applicable,JC303,"ABC Technologies, XYZ Systems",SRMA-SOLD-009,https://drive.google.com/file/d/1IsPZVAOsWL0Sr5K1qUTATIn2MmLJxZnJ/view?usp=drive_link,Specification sheet attached / to be updated,Demo master data; replace during final inventory validation
JC303,JC Bose Block,Digital Multimeter,https://drive.google.com/file/d/1PO_EXAMPLE_010/view?usp=sharing,https://drive.google.com/file/d/1IsPZVAOsWL0Sr5K1qUTATIn2MmLJxZnJ/view?usp=drive_link,https://drive.google.com/file/d/1SOP_EXAMPLE_FILE/view?usp=sharing,2025-12-15,2026-12-15,Civil Engineering,Dr. Faculty 10,incharge.jc303@srmap.edu.in,2026-09-30,2026-07-31,2024-10-15,85000,ABC Technologies,2027-03-31,Institute Fund,SRMAP-MM-000010,Digital Multimeter,Digital Multimeter,Asset,Civil Engineering,Capital Asset,SRMAP Standard,DIGI-110,VEN-00110,Nos.,15 Days,RC-2026-CIV-01,Capital Equipment,Asset,Civil Engineering,Laboratory Equipment,Standard Price,GST 18%,90230090,Yes,JC303,1 Nos.,Yes,Not Applicable,JC303,"ABC Technologies, XYZ Systems",SRMA-DIGI-010,https://drive.google.com/file/d/1IsPZVAOsWL0Sr5K1qUTATIn2MmLJxZnJ/view?usp=drive_link,Specification sheet attached / to be updated,Demo master data; replace during final inventory validation
JC303,JC Bose Block,Power Supply,https://drive.google.com/file/d/1PO_EXAMPLE_011/view?usp=sharing,https://drive.google.com/file/d/1IsPZVAOsWL0Sr5K1qUTATIn2MmLJxZnJ/view?usp=drive_link,https://drive.google.com/file/d/1SOP_EXAMPLE_FILE/view?usp=sharing,2025-12-15,2026-12-15,Civil Engineering,Dr. Faculty 11,incharge.jc303@srmap.edu.in,2026-09-30,2026-07-31,2024-11-15,88500,ABC Technologies,2027-03-31,Institute Fund,SRMAP-MM-000011,Power Supply,Power Supply,Asset,Civil Engineering,Capital Asset,Keysight,POWE-111,VEN-00111,Nos.,15 Days,RC-2026-CIV-01,Capital Equipment,Asset,Civil Engineering,Laboratory Equipment,Standard Price,GST 18%,90230090,Yes,JC303,1 Nos.,Yes,Not Applicable,JC303,"ABC Technologies, XYZ Systems",KEYS-POWE-011,https://drive.google.com/file/d/1IsPZVAOsWL0Sr5K1qUTATIn2MmLJxZnJ/view?usp=drive_link,Specification sheet attached / to be updated,Demo master data; replace during final inventory validation
JC304,JC Bose Block,Microscope,https://drive.google.com/file/d/1PO_EXAMPLE_012/view?usp=sharing,https://drive.google.com/file/d/1IsPZVAOsWL0Sr5K1qUTATIn2MmLJxZnJ/view?usp=drive_link,https://drive.google.com/file/d/1SOP_EXAMPLE_FILE/view?usp=sharing,2025-12-15,2026-12-15,Civil Engineering,Dr. Faculty 12,incharge.jc304@srmap.edu.in,2026-09-30,2026-07-31,2024-12-15,92000,ABC Technologies,2027-03-31,Institute Fund,SRMAP-MM-000012,Microscope,Microscope,Asset,Civil Engineering,Capital Asset,Thermo Fisher,MICR-112,VEN-00112,Nos.,15 Days,RC-2026-CIV-01,Capital Equipment,Asset,Civil Engineering,Laboratory Equipment,Standard Price,GST 18%,90230090,Yes,JC304,1 Nos.,Yes,Not Applicable,JC304,"ABC Technologies, XYZ Systems",THER-MICR-012,https://drive.google.com/file/d/1IsPZVAOsWL0Sr5K1qUTATIn2MmLJxZnJ/view?usp=drive_link,Specification sheet attached / to be updated,Demo master data; replace during final inventory validation
JC304,JC Bose Block,Centrifuge,https://drive.google.com/file/d/1PO_EXAMPLE_013/view?usp=sharing,https://drive.google.com/file/d/1IsPZVAOsWL0Sr5K1qUTATIn2MmLJxZnJ/view?usp=drive_link,https://drive.google.com/file/d/1SOP_EXAMPLE_FILE/view?usp=sharing,2025-12-15,2026-12-15,Civil Engineering,Dr. Faculty 1,incharge.jc304@srmap.edu.in,2026-09-30,2026-07-31,2024-01-15,95500,ABC Technologies,2027-03-31,Institute Fund,SRMAP-MM-000013,Centrifuge,Centrifuge,Asset,Civil Engineering,Capital Asset,Thermo Fisher,CENT-113,VEN-00113,Nos.,15 Days,RC-2026-CIV-01,Capital Equipment,Asset,Civil Engineering,Laboratory Equipment,Standard Price,GST 18%,90230090,Yes,JC304,1 Nos.,Yes,Not Applicable,JC304,"ABC Technologies, XYZ Systems",THER-CENT-013,https://drive.google.com/file/d/1IsPZVAOsWL0Sr5K1qUTATIn2MmLJxZnJ/view?usp=drive_link,Specification sheet attached / to be updated,Demo master data; replace during final inventory validation
JC304,JC Bose Block,pH Meter,https://drive.google.com/file/d/1PO_EXAMPLE_014/view?usp=sharing,https://drive.google.com/file/d/1IsPZVAOsWL0Sr5K1qUTATIn2MmLJxZnJ/view?usp=drive_link,https://drive.google.com/file/d/1SOP_EXAMPLE_FILE/view?usp=sharing,2025-12-15,2026-12-15,Civil Engineering,Dr. Faculty 2,incharge.jc304@srmap.edu.in,2026-09-30,2026-07-31,2024-02-15,99000,ABC Technologies,2027-03-31,Institute Fund,SRMAP-MM-000014,pH Meter,pH Meter,Asset,Civil Engineering,Capital Asset,Thermo Fisher,PHME-114,VEN-00114,Nos.,15 Days,RC-2026-CIV-01,Capital Equipment,Asset,Civil Engineering,Laboratory Equipment,Standard Price,GST 18%,90230090,Yes,JC304,1 Nos.,Yes,Not Applicable,JC304,"ABC Technologies, XYZ Systems",THER-PHME-014,https://drive.google.com/file/d/1IsPZVAOsWL0Sr5K1qUTATIn2MmLJxZnJ/view?usp=drive_link,Specification sheet attached / to be updated,Demo master data; replace during final inventory validation
JC305,JC Bose Block,Oscilloscope,https://drive.google.com/file/d/1PO_EXAMPLE_015/view?usp=sharing,https://drive.google.com/file/d/1IsPZVAOsWL0Sr5K1qUTATIn2MmLJxZnJ/view?usp=drive_link,https://drive.google.com/file/d/1SOP_EXAMPLE_FILE/view?usp=sharing,2025-12-15,2026-12-15,Civil Engineering,Dr. Faculty 3,incharge.jc305@srmap.edu.in,2026-09-30,2026-07-31,2024-03-15,102500,ABC Technologies,2027-03-31,Institute Fund,SRMAP-MM-000015,Oscilloscope,Oscilloscope,Asset,Civil Engineering,Capital Asset,Keysight,OSCI-115,VEN-00115,Nos.,15 Days,RC-2026-CIV-01,Capital Equipment,Asset,Civil Engineering,Laboratory Equipment,Standard Price,GST 18%,90230090,Yes,JC305,1 Nos.,Yes,Not Applicable,JC305,"ABC Technologies, XYZ Systems",KEYS-OSCI-015,https://drive.google.com/file/d/1IsPZVAOsWL0Sr5K1qUTATIn2MmLJxZnJ/view?usp=drive_link,Specification sheet attached / to be updated,Demo master data; replace during final inventory validation
JC305,JC Bose Block,Logic Analyzer,https://drive.google.com/file/d/1PO_EXAMPLE_016/view?usp=sharing,https://drive.google.com/file/d/1IsPZVAOsWL0Sr5K1qUTATIn2MmLJxZnJ/view?usp=drive_link,https://drive.google.com/file/d/1SOP_EXAMPLE_FILE/view?usp=sharing,2025-12-15,2026-12-15,Civil Engineering,Dr. Faculty 4,incharge.jc305@srmap.edu.in,2026-09-30,2026-07-31,2024-04-15,106000,ABC Technologies,2027-03-31,Institute Fund,SRMAP-MM-000016,Logic Analyzer,Logic Analyzer,Asset,Civil Engineering,Capital Asset,Keysight,LOGI-116,VEN-00116,Nos.,15 Days,RC-2026-CIV-01,Capital Equipment,Asset,Civil Engineering,Laboratory Equipment,Standard Price,GST 18%,90230090,Yes,JC305,1 Nos.,Yes,Not Applicable,JC305,"ABC Technologies, XYZ Systems",KEYS-LOGI-016,https://drive.google.com/file/d/1IsPZVAOsWL0Sr5K1qUTATIn2MmLJxZnJ/view?usp=drive_link,Specification sheet attached / to be updated,Demo master data; replace during final inventory validation
JC305,JC Bose Block,Function Generator,https://drive.google.com/file/d/1PO_EXAMPLE_017/view?usp=sharing,https://drive.google.com/file/d/1IsPZVAOsWL0Sr5K1qUTATIn2MmLJxZnJ/view?usp=drive_link,https://drive.google.com/file/d/1SOP_EXAMPLE_FILE/view?usp=sharing,2025-12-15,2026-12-15,Civil Engineering,Dr. Faculty 5,incharge.jc305@srmap.edu.in,2026-09-30,2026-07-31,2024-05-15,109500,ABC Technologies,2027-03-31,Institute Fund,SRMAP-MM-000017,Function Generator,Function Generator,Asset,Civil Engineering,Capital Asset,Keysight,FUNC-117,VEN-00117,Nos.,15 Days,RC-2026-CIV-01,Capital Equipment,Asset,Civil Engineering,Laboratory Equipment,Standard Price,GST 18%,90230090,Yes,JC305,1 Nos.,Yes,Not Applicable,JC305,"ABC Technologies, XYZ Systems",KEYS-FUNC-017,https://drive.google.com/file/d/1IsPZVAOsWL0Sr5K1qUTATIn2MmLJxZnJ/view?usp=drive_link,Specification sheet attached / to be updated,Demo master data; replace during final inventory validation
JC305,JC Bose Block,Breadboard Set,https://drive.google.com/file/d/1PO_EXAMPLE_018/view?usp=sharing,https://drive.google.com/file/d/1IsPZVAOsWL0Sr5K1qUTATIn2MmLJxZnJ/view?usp=drive_link,https://drive.google.com/file/d/1SOP_EXAMPLE_FILE/view?usp=sharing,2025-12-15,2026-12-15,Civil Engineering,Dr. Faculty 6,incharge.jc305@srmap.edu.in,2026-09-30,2026-07-31,2024-06-15,113000,ABC Technologies,2027-03-31,Institute Fund,SRMAP-MM-000018,Breadboard Set,Breadboard Set,Consumable,Civil Engineering,Consumable,SRMAP Standard,BREA-118,VEN-00118,Nos.,15 Days,RC-2026-CIV-01,Lab Consumables,Cost Center,Civil Engineering,Not Applicable,Standard Price,GST 18%,90230090,Yes,JC305,100 Nos.,No,24 Months,JC305,"ABC Technologies, XYZ Systems",SRMA-BREA-018,https://drive.google.com/file/d/1IsPZVAOsWL0Sr5K1qUTATIn2MmLJxZnJ/view?usp=drive_link,Specification sheet attached / to be updated,Demo master data; replace during final inventory validation
JC306,JC Bose Block,Desktop Computer,https://drive.google.com/file/d/1PO_EXAMPLE_019/view?usp=sharing,https://drive.google.com/file/d/1IsPZVAOsWL0Sr5K1qUTATIn2MmLJxZnJ/view?usp=drive_link,https://drive.google.com/file/d/1SOP_EXAMPLE_FILE/view?usp=sharing,2025-12-15,2026-12-15,Civil Engineering,Dr. Faculty 7,incharge.jc306@srmap.edu.in,2026-09-30,2026-07-31,2024-07-15,116500,ABC Technologies,2027-03-31,Institute Fund,SRMAP-MM-000019,Desktop Computer,Desktop Computer,Asset,Civil Engineering,Capital Asset,Dell,DESK-119,VEN-00119,Nos.,15 Days,RC-2026-CIV-01,Capital Equipment,Asset,Civil Engineering,Laboratory Equipment,Standard Price,GST 18%,90230090,Yes,JC306,1 Nos.,Yes,Not Applicable,JC306,"ABC Technologies, XYZ Systems",DELL-DESK-019,https://drive.google.com/file/d/1IsPZVAOsWL0Sr5K1qUTATIn2MmLJxZnJ/view?usp=drive_link,Specification sheet attached / to be updated,Demo master data; replace during final inventory validation
JC306,JC Bose Block,Projector,https://drive.google.com/file/d/1PO_EXAMPLE_020/view?usp=sharing,https://drive.google.com/file/d/1IsPZVAOsWL0Sr5K1qUTATIn2MmLJxZnJ/view?usp=drive_link,https://drive.google.com/file/d/1SOP_EXAMPLE_FILE/view?usp=sharing,2025-12-15,2026-12-15,Civil Engineering,Dr. Faculty 8,incharge.jc306@srmap.edu.in,2026-09-30,2026-07-31,2024-08-15,120000,ABC Technologies,2027-03-31,Institute Fund,SRMAP-MM-000020,Projector,Projector,Asset,Civil Engineering,Capital Asset,Dell,PROJ-120,VEN-00120,Nos.,15 Days,RC-2026-CIV-01,Capital Equipment,Asset,Civil Engineering,Laboratory Equipment,Standard Price,GST 18%,90230090,Yes,JC306,1 Nos.,Yes,Not Applicable,JC306,"ABC Technologies, XYZ Systems",DELL-PROJ-020,https://drive.google.com/file/d/1IsPZVAOsWL0Sr5K1qUTATIn2MmLJxZnJ/view?usp=drive_link,Specification sheet attached / to be updated,Demo master data; replace during final inventory validation
JC306,JC Bose Block,Arduino Kit,https://drive.google.com/file/d/1PO_EXAMPLE_021/view?usp=sharing,https://drive.google.com/file/d/1IsPZVAOsWL0Sr5K1qUTATIn2MmLJxZnJ/view?usp=drive_link,https://drive.google.com/file/d/1SOP_EXAMPLE_FILE/view?usp=sharing,2025-12-15,2026-12-15,Civil Engineering,Dr. Faculty 9,incharge.jc306@srmap.edu.in,2026-09-30,2026-07-31,2024-09-15,123500,ABC Technologies,2027-03-31,Institute Fund,SRMAP-MM-000021,Arduino Kit,Arduino Kit,Consumable,Civil Engineering,Consumable,SRMAP Standard,ARDU-121,VEN-00121,Nos.,15 Days,RC-2026-CIV-01,Lab Consumables,Cost Center,Civil Engineering,Not Applicable,Standard Price,GST 18%,90230090,Yes,JC306,100 Nos.,No,24 Months,JC306,"ABC Technologies, XYZ Systems",SRMA-ARDU-021,https://drive.google.com/file/d/1IsPZVAOsWL0Sr5K1qUTATIn2MmLJxZnJ/view?usp=drive_link,Specification sheet attached / to be updated,Demo master data; replace during final inventory validation
JC306,JC Bose Block,Raspberry Pi,https://drive.google.com/file/d/1PO_EXAMPLE_022/view?usp=sharing,https://drive.google.com/file/d/1IsPZVAOsWL0Sr5K1qUTATIn2MmLJxZnJ/view?usp=drive_link,https://drive.google.com/file/d/1SOP_EXAMPLE_FILE/view?usp=sharing,2025-12-15,2026-12-15,Civil Engineering,Dr. Faculty 10,incharge.jc306@srmap.edu.in,2026-09-30,2026-07-31,2024-10-15,127000,ABC Technologies,2027-03-31,Institute Fund,SRMAP-MM-000022,Raspberry Pi,Raspberry Pi,Asset,Civil Engineering,Capital Asset,SRMAP Standard,RASP-122,VEN-00122,Nos.,15 Days,RC-2026-CIV-01,Capital Equipment,Asset,Civil Engineering,Laboratory Equipment,Standard Price,GST 18%,90230090,Yes,JC306,1 Nos.,Yes,Not Applicable,JC306,"ABC Technologies, XYZ Systems",SRMA-RASP-022,https://drive.google.com/file/d/1IsPZVAOsWL0Sr5K1qUTATIn2MmLJxZnJ/view?usp=drive_link,Specification sheet attached / to be updated,Demo master data; replace during final inventory validation
JC307,JC Bose Block,Spectrophotometer,https://drive.google.com/file/d/1PO_EXAMPLE_JC307_SPEC/view?usp=sharing,https://drive.google.com/file/d/1IsPZVAOsWL0Sr5K1qUTATIn2MmLJxZnJ/view?usp=drive_link,https://drive.google.com/file/d/1SOP_EXAMPLE_FILE/view?usp=sharing,2025-12-15,2026-12-15,Civil Engineering,Dr. Faculty 11,incharge.jc307@srmap.edu.in,2026-09-30,2026-07-31,2024-11-15,130500,ABC Technologies,2027-03-31,Institute Fund,SRMAP-MM-000023,Spectrophotometer,Spectrophotometer,Asset,Civil Engineering,Capital Asset,Thermo Fisher,SPEC-123,VEN-00123,Nos.,15 Days,RC-2026-CIV-01,Capital Equipment,Asset,Civil Engineering,Laboratory Equipment,Standard Price,GST 18%,90230090,Yes,JC307,1 Nos.,Yes,Not Applicable,JC307,"ABC Technologies, XYZ Systems",THER-SPEC-023,https://drive.google.com/file/d/1IsPZVAOsWL0Sr5K1qUTATIn2MmLJxZnJ/view?usp=drive_link,Specification sheet attached / to be updated,Demo master data; replace during final inventory validation
JC307,JC Bose Block,Hot Plate,https://drive.google.com/file/d/1PO_EXAMPLE_024/view?usp=sharing,https://drive.google.com/file/d/1IsPZVAOsWL0Sr5K1qUTATIn2MmLJxZnJ/view?usp=drive_link,https://drive.google.com/file/d/1SOP_EXAMPLE_FILE/view?usp=sharing,2025-12-15,2026-12-15,Civil Engineering,Dr. Faculty 12,incharge.jc307@srmap.edu.in,2026-09-30,2026-07-31,2024-12-15,134000,ABC Technologies,2027-03-31,Institute Fund,SRMAP-MM-000024,Hot Plate,Hot Plate,Asset,Civil Engineering,Capital Asset,Thermo Fisher,HOTP-124,VEN-00124,Nos.,15 Days,RC-2026-CIV-01,Capital Equipment,Asset,Civil Engineering,Laboratory Equipment,Standard Price,GST 18%,90230090,Yes,JC307,1 Nos.,Yes,Not Applicable,JC307,"ABC Technologies, XYZ Systems",THER-HOTP-024,https://drive.google.com/file/d/1IsPZVAOsWL0Sr5K1qUTATIn2MmLJxZnJ/view?usp=drive_link,Specification sheet attached / to be updated,Demo master data; replace during final inventory validation
JC307,JC Bose Block,Magnetic Stirrer,https://drive.google.com/file/d/1PO_EXAMPLE_025/view?usp=sharing,https://drive.google.com/file/d/1IsPZVAOsWL0Sr5K1qUTATIn2MmLJxZnJ/view?usp=drive_link,https://drive.google.com/file/d/1SOP_EXAMPLE_FILE/view?usp=sharing,2025-12-15,2026-12-15,Civil Engineering,Dr. Faculty 1,incharge.jc307@srmap.edu.in,2026-09-30,2026-07-31,2024-01-15,137500,ABC Technologies,2027-03-31,Institute Fund,SRMAP-MM-000025,Magnetic Stirrer,Magnetic Stirrer,Asset,Civil Engineering,Capital Asset,Thermo Fisher,MAGN-125,VEN-00125,Nos.,15 Days,RC-2026-CIV-01,Capital Equipment,Asset,Civil Engineering,Laboratory Equipment,Standard Price,GST 18%,90230090,Yes,JC307,1 Nos.,Yes,Not Applicable,JC307,"ABC Technologies, XYZ Systems",THER-MAGN-025,https://drive.google.com/file/d/1IsPZVAOsWL0Sr5K1qUTATIn2MmLJxZnJ/view?usp=drive_link,Specification sheet attached / to be updated,Demo master data; replace during final inventory validation
JC307,JC Bose Block,pH Meter,https://drive.google.com/file/d/1PO_EXAMPLE_026/view?usp=sharing,https://drive.google.com/file/d/1IsPZVAOsWL0Sr5K1qUTATIn2MmLJxZnJ/view?usp=drive_link,https://drive.google.com/file/d/1SOP_EXAMPLE_FILE/view?usp=sharing,2025-12-15,2026-12-15,Civil Engineering,Dr. Faculty 2,incharge.jc307@srmap.edu.in,2026-09-30,2026-07-31,2024-02-15,141000,ABC Technologies,2027-03-31,Institute Fund,SRMAP-MM-000026,pH Meter,pH Meter,Asset,Civil Engineering,Capital Asset,Thermo Fisher,PHME-126,VEN-00126,Nos.,15 Days,RC-2026-CIV-01,Capital Equipment,Asset,Civil Engineering,Laboratory Equipment,Standard Price,GST 18%,90230090,Yes,JC307,1 Nos.,Yes,Not Applicable,JC307,"ABC Technologies, XYZ Systems",THER-PHME-026,https://drive.google.com/file/d/1IsPZVAOsWL0Sr5K1qUTATIn2MmLJxZnJ/view?usp=drive_link,Specification sheet attached / to be updated,Demo master data; replace during final inventory validation
JC308,JC Bose Block,Laser Cutter,https://drive.google.com/file/d/1PO_EXAMPLE_027/view?usp=sharing,https://drive.google.com/file/d/1IsPZVAOsWL0Sr5K1qUTATIn2MmLJxZnJ/view?usp=drive_link,https://drive.google.com/file/d/1SOP_EXAMPLE_FILE/view?usp=sharing,2025-12-15,2026-12-15,Civil Engineering,Dr. Faculty 3,incharge.jc308@srmap.edu.in,2026-09-30,2026-07-31,2024-03-15,144500,ABC Technologies,2027-03-31,Institute Fund,SRMAP-MM-000027,Laser Cutter,Laser Cutter,Asset,Civil Engineering,Capital Asset,Bosch,LASE-127,VEN-00127,Nos.,15 Days,RC-2026-CIV-01,Capital Equipment,Asset,Civil Engineering,Laboratory Equipment,Standard Price,GST 18%,90230090,Yes,JC308,1 Nos.,Yes,Not Applicable,JC308,"ABC Technologies, XYZ Systems",BOSC-LASE-027,https://drive.google.com/file/d/1IsPZVAOsWL0Sr5K1qUTATIn2MmLJxZnJ/view?usp=drive_link,Specification sheet attached / to be updated,Demo master data; replace during final inventory validation
JC308,JC Bose Block,3D Printer,https://drive.google.com/file/d/1PO_EXAMPLE_028/view?usp=sharing,https://drive.google.com/file/d/1IsPZVAOsWL0Sr5K1qUTATIn2MmLJxZnJ/view?usp=drive_link,https://drive.google.com/file/d/1SOP_EXAMPLE_FILE/view?usp=sharing,2025-12-15,2026-12-15,Civil Engineering,Dr. Faculty 4,incharge.jc308@srmap.edu.in,2026-09-30,2026-07-31,2024-04-15,148000,ABC Technologies,2027-03-31,Institute Fund,SRMAP-MM-000028,3D Printer,3D Printer,Asset,Civil Engineering,Capital Asset,Bosch,3DPR-128,VEN-00128,Nos.,15 Days,RC-2026-CIV-01,Capital Equipment,Asset,Civil Engineering,Laboratory Equipment,Standard Price,GST 18%,90230090,Yes,JC308,1 Nos.,Yes,Not Applicable,JC308,"ABC Technologies, XYZ Systems",BOSC-3DPR-028,https://drive.google.com/file/d/1IsPZVAOsWL0Sr5K1qUTATIn2MmLJxZnJ/view?usp=drive_link,Specification sheet attached / to be updated,Demo master data; replace during final inventory validation
JC308,JC Bose Block,Vacuum Pump,https://drive.google.com/file/d/1PO_EXAMPLE_029/view?usp=sharing,https://drive.google.com/file/d/1IsPZVAOsWL0Sr5K1qUTATIn2MmLJxZnJ/view?usp=drive_link,https://drive.google.com/file/d/1SOP_EXAMPLE_FILE/view?usp=sharing,2025-12-15,2026-12-15,Civil Engineering,Dr. Faculty 5,incharge.jc308@srmap.edu.in,2026-09-30,2026-07-31,2024-05-15,151500,ABC Technologies,2027-03-31,Institute Fund,SRMAP-MM-000029,Vacuum Pump,Vacuum Pump,Asset,Civil Engineering,Capital Asset,SRMAP Standard,VACU-129,VEN-00129,Nos.,15 Days,RC-2026-CIV-01,Capital Equipment,Asset,Civil Engineering,Laboratory Equipment,Standard Price,GST 18%,90230090,Yes,JC308,1 Nos.,Yes,Not Applicable,JC308,"ABC Technologies, XYZ Systems",SRMA-VACU-029,https://drive.google.com/file/d/1IsPZVAOsWL0Sr5K1qUTATIn2MmLJxZnJ/view?usp=drive_link,Specification sheet attached / to be updated,Demo master data; replace during final inventory validation
JC309,JC Bose Block,Workstation PC,https://drive.google.com/file/d/1PO_EXAMPLE_030/view?usp=sharing,https://drive.google.com/file/d/1IsPZVAOsWL0Sr5K1qUTATIn2MmLJxZnJ/view?usp=drive_link,https://drive.google.com/file/d/1SOP_EXAMPLE_FILE/view?usp=sharing,2025-12-15,2026-12-15,Civil Engineering,Dr. Faculty 6,incharge.jc309@srmap.edu.in,2026-09-30,2026-07-31,2024-06-15,155000,ABC Technologies,2027-03-31,Institute Fund,SRMAP-MM-000030,Workstation PC,Workstation PC,Asset,Civil Engineering,Capital Asset,Dell,WORK-130,VEN-00130,Nos.,15 Days,RC-2026-CIV-01,Capital Equipment,Asset,Civil Engineering,Laboratory Equipment,Standard Price,GST 18%,90230090,Yes,JC309,1 Nos.,Yes,Not Applicable,JC309,"ABC Technologies, XYZ Systems",DELL-WORK-030,https://drive.google.com/file/d/1IsPZVAOsWL0Sr5K1qUTATIn2MmLJxZnJ/view?usp=drive_link,Specification sheet attached / to be updated,Demo master data; replace during final inventory validation
JC309,JC Bose Block,Network Switch,https://drive.google.com/file/d/1PO_EXAMPLE_031/view?usp=sharing,https://drive.google.com/file/d/1IsPZVAOsWL0Sr5K1qUTATIn2MmLJxZnJ/view?usp=drive_link,https://drive.google.com/file/d/1SOP_EXAMPLE_FILE/view?usp=sharing,2025-12-15,2026-12-15,Civil Engineering,Dr. Faculty 7,incharge.jc309@srmap.edu.in,2026-09-30,2026-07-31,2024-07-15,158500,ABC Technologies,2027-03-31,Institute Fund,SRMAP-MM-000031,Network Switch,Network Switch,Asset,Civil Engineering,Capital Asset,Dell,NETW-131,VEN-00131,Nos.,15 Days,RC-2026-CIV-01,Capital Equipment,Asset,Civil Engineering,Laboratory Equipment,Standard Price,GST 18%,90230090,Yes,JC309,1 Nos.,Yes,Not Applicable,JC309,"ABC Technologies, XYZ Systems",DELL-NETW-031,https://drive.google.com/file/d/1IsPZVAOsWL0Sr5K1qUTATIn2MmLJxZnJ/view?usp=drive_link,Specification sheet attached / to be updated,Demo master data; replace during final inventory validation
JC309,JC Bose Block,Server Rack,https://drive.google.com/file/d/1PO_EXAMPLE_032/view?usp=sharing,https://drive.google.com/file/d/1IsPZVAOsWL0Sr5K1qUTATIn2MmLJxZnJ/view?usp=drive_link,https://drive.google.com/file/d/1SOP_EXAMPLE_FILE/view?usp=sharing,2025-12-15,2026-12-15,Civil Engineering,Dr. Faculty 8,incharge.jc309@srmap.edu.in,2026-09-30,2026-07-31,2024-08-15,162000,ABC Technologies,2027-03-31,Institute Fund,SRMAP-MM-000032,Server Rack,Server Rack,Asset,Civil Engineering,Capital Asset,Dell,SERV-132,VEN-00132,Nos.,15 Days,RC-2026-CIV-01,Capital Equipment,Asset,Civil Engineering,Laboratory Equipment,Standard Price,GST 18%,90230090,Yes,JC309,1 Nos.,Yes,Not Applicable,JC309,"ABC Technologies, XYZ Systems",DELL-SERV-032,https://drive.google.com/file/d/1IsPZVAOsWL0Sr5K1qUTATIn2MmLJxZnJ/view?usp=drive_link,Specification sheet attached / to be updated,Demo master data; replace during final inventory validation
JC310,JC Bose Block,Digital Multimeter,https://drive.google.com/file/d/1PO_EXAMPLE_033/view?usp=sharing,https://drive.google.com/file/d/1IsPZVAOsWL0Sr5K1qUTATIn2MmLJxZnJ/view?usp=drive_link,https://drive.google.com/file/d/1SOP_EXAMPLE_FILE/view?usp=sharing,2025-12-15,2026-12-15,Civil Engineering,Dr. Faculty 9,incharge.jc310@srmap.edu.in,2026-09-30,2026-07-31,2024-09-15,165500,ABC Technologies,2027-03-31,Institute Fund,SRMAP-MM-000033,Digital Multimeter,Digital Multimeter,Asset,Civil Engineering,Capital Asset,SRMAP Standard,DIGI-133,VEN-00133,Nos.,15 Days,RC-2026-CIV-01,Capital Equipment,Asset,Civil Engineering,Laboratory Equipment,Standard Price,GST 18%,90230090,Yes,JC310,1 Nos.,Yes,Not Applicable,JC310,"ABC Technologies, XYZ Systems",SRMA-DIGI-033,https://drive.google.com/file/d/1IsPZVAOsWL0Sr5K1qUTATIn2MmLJxZnJ/view?usp=drive_link,Specification sheet attached / to be updated,Demo master data; replace during final inventory validation
JC310,JC Bose Block,Power Supply,https://drive.google.com/file/d/1PO_EXAMPLE_034/view?usp=sharing,https://drive.google.com/file/d/1IsPZVAOsWL0Sr5K1qUTATIn2MmLJxZnJ/view?usp=drive_link,https://drive.google.com/file/d/1SOP_EXAMPLE_FILE/view?usp=sharing,2025-12-15,2026-12-15,Civil Engineering,Dr. Faculty 10,incharge.jc310@srmap.edu.in,2026-09-30,2026-07-31,2024-10-15,169000,ABC Technologies,2027-03-31,Institute Fund,SRMAP-MM-000034,Power Supply,Power Supply,Asset,Civil Engineering,Capital Asset,Keysight,POWE-134,VEN-00134,Nos.,15 Days,RC-2026-CIV-01,Capital Equipment,Asset,Civil Engineering,Laboratory Equipment,Standard Price,GST 18%,90230090,Yes,JC310,1 Nos.,Yes,Not Applicable,JC310,"ABC Technologies, XYZ Systems",KEYS-POWE-034,https://drive.google.com/file/d/1IsPZVAOsWL0Sr5K1qUTATIn2MmLJxZnJ/view?usp=drive_link,Specification sheet attached / to be updated,Demo master data; replace during final inventory validation
JC310,JC Bose Block,Oscilloscope,https://drive.google.com/file/d/1PO_EXAMPLE_035/view?usp=sharing,https://drive.google.com/file/d/1IsPZVAOsWL0Sr5K1qUTATIn2MmLJxZnJ/view?usp=drive_link,https://drive.google.com/file/d/1SOP_EXAMPLE_FILE/view?usp=sharing,2025-12-15,2026-12-15,Civil Engineering,Dr. Faculty 11,incharge.jc310@srmap.edu.in,2026-09-30,2026-07-31,2024-11-15,172500,ABC Technologies,2027-03-31,Institute Fund,SRMAP-MM-000035,Oscilloscope,Oscilloscope,Asset,Civil Engineering,Capital Asset,Keysight,OSCI-135,VEN-00135,Nos.,15 Days,RC-2026-CIV-01,Capital Equipment,Asset,Civil Engineering,Laboratory Equipment,Standard Price,GST 18%,90230090,Yes,JC310,1 Nos.,Yes,Not Applicable,JC310,"ABC Technologies, XYZ Systems",KEYS-OSCI-035,https://drive.google.com/file/d/1IsPZVAOsWL0Sr5K1qUTATIn2MmLJxZnJ/view?usp=drive_link,Specification sheet attached / to be updated,Demo master data; replace during final inventory validation
JC310,JC Bose Block,Soldering Station,https://drive.google.com/file/d/1PO_EXAMPLE_036/view?usp=sharing,https://drive.google.com/file/d/1IsPZVAOsWL0Sr5K1qUTATIn2MmLJxZnJ/view?usp=drive_link,https://drive.google.com/file/d/1SOP_EXAMPLE_FILE/view?usp=sharing,2025-12-15,2026-12-15,Civil Engineering,Dr. Faculty 12,incharge.jc310@srmap.edu.in,2026-09-30,2026-07-31,2024-12-15,176000,ABC Technologies,2027-03-31,Institute Fund,SRMAP-MM-000036,Soldering Station,Soldering Station,Asset,Civil Engineering,Capital Asset,SRMAP Standard,SOLD-136,VEN-00136,Nos.,15 Days,RC-2026-CIV-01,Capital Equipment,Asset,Civil Engineering,Laboratory Equipment,Standard Price,GST 18%,90230090,Yes,JC310,1 Nos.,Yes,Not Applicable,JC310,"ABC Technologies, XYZ Systems",SRMA-SOLD-036,https://drive.google.com/file/d/1IsPZVAOsWL0Sr5K1qUTATIn2MmLJxZnJ/view?usp=drive_link,Specification sheet attached / to be updated,Demo master data; replace during final inventory validation
JC311,JC Bose Block,Microscope,https://drive.google.com/file/d/1PO_EXAMPLE_037/view?usp=sharing,https://drive.google.com/file/d/1IsPZVAOsWL0Sr5K1qUTATIn2MmLJxZnJ/view?usp=drive_link,https://drive.google.com/file/d/1SOP_EXAMPLE_FILE/view?usp=sharing,2025-12-15,2026-12-15,Civil Engineering,Dr. Faculty 1,incharge.jc311@srmap.edu.in,2026-09-30,2026-07-31,2024-01-15,179500,ABC Technologies,2027-03-31,Institute Fund,SRMAP-MM-000037,Microscope,Microscope,Asset,Civil Engineering,Capital Asset,Thermo Fisher,MICR-137,VEN-00137,Nos.,15 Days,RC-2026-CIV-01,Capital Equipment,Asset,Civil Engineering,Laboratory Equipment,Standard Price,GST 18%,90230090,Yes,JC311,1 Nos.,Yes,Not Applicable,JC311,"ABC Technologies, XYZ Systems",THER-MICR-037,https://drive.google.com/file/d/1IsPZVAOsWL0Sr5K1qUTATIn2MmLJxZnJ/view?usp=drive_link,Specification sheet attached / to be updated,Demo master data; replace during final inventory validation
JC311,JC Bose Block,Centrifuge,https://drive.google.com/file/d/1PO_EXAMPLE_038/view?usp=sharing,https://drive.google.com/file/d/1IsPZVAOsWL0Sr5K1qUTATIn2MmLJxZnJ/view?usp=drive_link,https://drive.google.com/file/d/1SOP_EXAMPLE_FILE/view?usp=sharing,2025-12-15,2026-12-15,Civil Engineering,Dr. Faculty 2,incharge.jc311@srmap.edu.in,2026-09-30,2026-07-31,2024-02-15,183000,ABC Technologies,2027-03-31,Institute Fund,SRMAP-MM-000038,Centrifuge,Centrifuge,Asset,Civil Engineering,Capital Asset,Thermo Fisher,CENT-138,VEN-00138,Nos.,15 Days,RC-2026-CIV-01,Capital Equipment,Asset,Civil Engineering,Laboratory Equipment,Standard Price,GST 18%,90230090,Yes,JC311,1 Nos.,Yes,Not Applicable,JC311,"ABC Technologies, XYZ Systems",THER-CENT-038,https://drive.google.com/file/d/1IsPZVAOsWL0Sr5K1qUTATIn2MmLJxZnJ/view?usp=drive_link,Specification sheet attached / to be updated,Demo master data; replace during final inventory validation
JC311,JC Bose Block,Spectrophotometer,https://drive.google.com/file/d/1PO_EXAMPLE_039/view?usp=sharing,https://drive.google.com/file/d/1IsPZVAOsWL0Sr5K1qUTATIn2MmLJxZnJ/view?usp=drive_link,https://drive.google.com/file/d/1SOP_EXAMPLE_FILE/view?usp=sharing,2025-12-15,2026-12-15,Civil Engineering,Dr. Faculty 3,incharge.jc311@srmap.edu.in,2026-09-30,2026-07-31,2024-03-15,186500,ABC Technologies,2027-03-31,Institute Fund,SRMAP-MM-000039,Spectrophotometer,Spectrophotometer,Asset,Civil Engineering,Capital Asset,Thermo Fisher,SPEC-139,VEN-00139,Nos.,15 Days,RC-2026-CIV-01,Capital Equipment,Asset,Civil Engineering,Laboratory Equipment,Standard Price,GST 18%,90230090,Yes,JC311,1 Nos.,Yes,Not Applicable,JC311,"ABC Technologies, XYZ Systems",THER-SPEC-039,https://drive.google.com/file/d/1IsPZVAOsWL0Sr5K1qUTATIn2MmLJxZnJ/view?usp=drive_link,Specification sheet attached / to be updated,Demo master data; replace during final inventory validation
JC312,JC Bose Block,Arduino Kit,https://drive.google.com/file/d/1PO_EXAMPLE_040/view?usp=sharing,https://drive.google.com/file/d/1IsPZVAOsWL0Sr5K1qUTATIn2MmLJxZnJ/view?usp=drive_link,https://drive.google.com/file/d/1SOP_EXAMPLE_FILE/view?usp=sharing,2025-12-15,2026-12-15,Civil Engineering,Dr. Faculty 4,incharge.jc312@srmap.edu.in,2026-09-30,2026-07-31,2024-04-15,190000,ABC Technologies,2027-03-31,Institute Fund,SRMAP-MM-000040,Arduino Kit,Arduino Kit,Consumable,Civil Engineering,Consumable,SRMAP Standard,ARDU-140,VEN-00140,Nos.,15 Days,RC-2026-CIV-01,Lab Consumables,Cost Center,Civil Engineering,Not Applicable,Standard Price,GST 18%,90230090,Yes,JC312,100 Nos.,No,24 Months,JC312,"ABC Technologies, XYZ Systems",SRMA-ARDU-040,https://drive.google.com/file/d/1IsPZVAOsWL0Sr5K1qUTATIn2MmLJxZnJ/view?usp=drive_link,Specification sheet attached / to be updated,Demo master data; replace during final inventory validation
JC312,JC Bose Block,Raspberry Pi,https://drive.google.com/file/d/1PO_EXAMPLE_041/view?usp=sharing,https://drive.google.com/file/d/1IsPZVAOsWL0Sr5K1qUTATIn2MmLJxZnJ/view?usp=drive_link,https://drive.google.com/file/d/1SOP_EXAMPLE_FILE/view?usp=sharing,2025-12-15,2026-12-15,Civil Engineering,Dr. Faculty 5,incharge.jc312@srmap.edu.in,2026-09-30,2026-07-31,2024-05-15,193500,ABC Technologies,2027-03-31,Institute Fund,SRMAP-MM-000041,Raspberry Pi,Raspberry Pi,Asset,Civil Engineering,Capital Asset,SRMAP Standard,RASP-141,VEN-00141,Nos.,15 Days,RC-2026-CIV-01,Capital Equipment,Asset,Civil Engineering,Laboratory Equipment,Standard Price,GST 18%,90230090,Yes,JC312,1 Nos.,Yes,Not Applicable,JC312,"ABC Technologies, XYZ Systems",SRMA-RASP-041,https://drive.google.com/file/d/1IsPZVAOsWL0Sr5K1qUTATIn2MmLJxZnJ/view?usp=drive_link,Specification sheet attached / to be updated,Demo master data; replace during final inventory validation
JC312,JC Bose Block,Breadboard Set,https://drive.google.com/file/d/1PO_EXAMPLE_042/view?usp=sharing,https://drive.google.com/file/d/1IsPZVAOsWL0Sr5K1qUTATIn2MmLJxZnJ/view?usp=drive_link,https://drive.google.com/file/d/1SOP_EXAMPLE_FILE/view?usp=sharing,2025-12-15,2026-12-15,Civil Engineering,Dr. Faculty 6,incharge.jc312@srmap.edu.in,2026-09-30,2026-07-31,2024-06-15,197000,ABC Technologies,2027-03-31,Institute Fund,SRMAP-MM-000042,Breadboard Set,Breadboard Set,Consumable,Civil Engineering,Consumable,SRMAP Standard,BREA-142,VEN-00142,Nos.,15 Days,RC-2026-CIV-01,Lab Consumables,Cost Center,Civil Engineering,Not Applicable,Standard Price,GST 18%,90230090,Yes,JC312,100 Nos.,No,24 Months,JC312,"ABC Technologies, XYZ Systems",SRMA-BREA-042,https://drive.google.com/file/d/1IsPZVAOsWL0Sr5K1qUTATIn2MmLJxZnJ/view?usp=drive_link,Specification sheet attached / to be updated,Demo master data; replace during final inventory validation
JC312,JC Bose Block,Logic Analyzer,https://drive.google.com/file/d/1PO_EXAMPLE_043/view?usp=sharing,https://drive.google.com/file/d/1IsPZVAOsWL0Sr5K1qUTATIn2MmLJxZnJ/view?usp=drive_link,https://drive.google.com/file/d/1SOP_EXAMPLE_FILE/view?usp=sharing,2025-12-15,2026-12-15,Civil Engineering,Dr. Faculty 7,incharge.jc312@srmap.edu.in,2026-09-30,2026-07-31,2024-07-15,200500,ABC Technologies,2027-03-31,Institute Fund,SRMAP-MM-000043,Logic Analyzer,Logic Analyzer,Asset,Civil Engineering,Capital Asset,Keysight,LOGI-143,VEN-00143,Nos.,15 Days,RC-2026-CIV-01,Capital Equipment,Asset,Civil Engineering,Laboratory Equipment,Standard Price,GST 18%,90230090,Yes,JC312,1 Nos.,Yes,Not Applicable,JC312,"ABC Technologies, XYZ Systems",KEYS-LOGI-043,https://drive.google.com/file/d/1IsPZVAOsWL0Sr5K1qUTATIn2MmLJxZnJ/view?usp=drive_link,Specification sheet attached / to be updated,Demo master data; replace during final inventory validation
JC313,JC Bose Block,Projector,https://drive.google.com/file/d/1PO_EXAMPLE_044/view?usp=sharing,https://drive.google.com/file/d/1IsPZVAOsWL0Sr5K1qUTATIn2MmLJxZnJ/view?usp=drive_link,https://drive.google.com/file/d/1SOP_EXAMPLE_FILE/view?usp=sharing,2025-12-15,2026-12-15,Civil Engineering,Dr. Faculty 8,incharge.jc313@srmap.edu.in,2026-09-30,2026-07-31,2024-08-15,204000,ABC Technologies,2027-03-31,Institute Fund,SRMAP-MM-000044,Projector,Projector,Asset,Civil Engineering,Capital Asset,Dell,PROJ-144,VEN-00144,Nos.,15 Days,RC-2026-CIV-01,Capital Equipment,Asset,Civil Engineering,Laboratory Equipment,Standard Price,GST 18%,90230090,Yes,JC313,1 Nos.,Yes,Not Applicable,JC313,"ABC Technologies, XYZ Systems",DELL-PROJ-044,https://drive.google.com/file/d/1IsPZVAOsWL0Sr5K1qUTATIn2MmLJxZnJ/view?usp=drive_link,Specification sheet attached / to be updated,Demo master data; replace during final inventory validation
JC313,JC Bose Block,Desktop Computer,https://drive.google.com/file/d/1PO_EXAMPLE_045/view?usp=sharing,https://drive.google.com/file/d/1IsPZVAOsWL0Sr5K1qUTATIn2MmLJxZnJ/view?usp=drive_link,https://drive.google.com/file/d/1SOP_EXAMPLE_FILE/view?usp=sharing,2025-12-15,2026-12-15,Civil Engineering,Dr. Faculty 9,incharge.jc313@srmap.edu.in,2026-09-30,2026-07-31,2024-09-15,207500,ABC Technologies,2027-03-31,Institute Fund,SRMAP-MM-000045,Desktop Computer,Desktop Computer,Asset,Civil Engineering,Capital Asset,Dell,DESK-145,VEN-00145,Nos.,15 Days,RC-2026-CIV-01,Capital Equipment,Asset,Civil Engineering,Laboratory Equipment,Standard Price,GST 18%,90230090,Yes,JC313,1 Nos.,Yes,Not Applicable,JC313,"ABC Technologies, XYZ Systems",DELL-DESK-045,https://drive.google.com/file/d/1IsPZVAOsWL0Sr5K1qUTATIn2MmLJxZnJ/view?usp=drive_link,Specification sheet attached / to be updated,Demo master data; replace during final inventory validation
JC313,JC Bose Block,Document Camera,https://drive.google.com/file/d/1PO_EXAMPLE_046/view?usp=sharing,https://drive.google.com/file/d/1IsPZVAOsWL0Sr5K1qUTATIn2MmLJxZnJ/view?usp=drive_link,https://drive.google.com/file/d/1SOP_EXAMPLE_FILE/view?usp=sharing,2025-12-15,2026-12-15,Civil Engineering,Dr. Faculty 10,incharge.jc313@srmap.edu.in,2026-09-30,2026-07-31,2024-10-15,211000,ABC Technologies,2027-03-31,Institute Fund,SRMAP-MM-000046,Document Camera,Document Camera,Asset,Civil Engineering,Capital Asset,SRMAP Standard,DOCU-146,VEN-00146,Nos.,15 Days,RC-2026-CIV-01,Capital Equipment,Asset,Civil Engineering,Laboratory Equipment,Standard Price,GST 18%,90230090,Yes,JC313,1 Nos.,Yes,Not Applicable,JC313,"ABC Technologies, XYZ Systems",SRMA-DOCU-046,https://drive.google.com/file/d/1IsPZVAOsWL0Sr5K1qUTATIn2MmLJxZnJ/view?usp=drive_link,Specification sheet attached / to be updated,Demo master data; replace during final inventory validation
JC314,JC Bose Block,CNC Machine,https://drive.google.com/file/d/1PO_EXAMPLE_047/view?usp=sharing,https://drive.google.com/file/d/1IsPZVAOsWL0Sr5K1qUTATIn2MmLJxZnJ/view?usp=drive_link,https://drive.google.com/file/d/1SOP_EXAMPLE_FILE/view?usp=sharing,2025-12-15,2026-12-15,Civil Engineering,Dr. Faculty 11,incharge.jc314@srmap.edu.in,2026-09-30,2026-07-31,2024-11-15,214500,ABC Technologies,2027-03-31,Institute Fund,SRMAP-MM-000047,CNC Machine,CNC Machine,Asset,Civil Engineering,Capital Asset,Bosch,CNCM-147,VEN-00147,Nos.,15 Days,RC-2026-CIV-01,Capital Equipment,Asset,Civil Engineering,Laboratory Equipment,Standard Price,GST 18%,90230090,Yes,JC314,1 Nos.,Yes,Not Applicable,JC314,"ABC Technologies, XYZ Systems",BOSC-CNCM-047,https://drive.google.com/file/d/1IsPZVAOsWL0Sr5K1qUTATIn2MmLJxZnJ/view?usp=drive_link,Specification sheet attached / to be updated,Demo master data; replace during final inventory validation
JC314,JC Bose Block,Lathe Machine,https://drive.google.com/file/d/1PO_EXAMPLE_048/view?usp=sharing,https://drive.google.com/file/d/1IsPZVAOsWL0Sr5K1qUTATIn2MmLJxZnJ/view?usp=drive_link,https://drive.google.com/file/d/1SOP_EXAMPLE_FILE/view?usp=sharing,2025-12-15,2026-12-15,Civil Engineering,Dr. Faculty 12,incharge.jc314@srmap.edu.in,2026-09-30,2026-07-31,2024-12-15,218000,ABC Technologies,2027-03-31,Institute Fund,SRMAP-MM-000048,Lathe Machine,Lathe Machine,Asset,Civil Engineering,Capital Asset,Bosch,LATH-148,VEN-00148,Nos.,15 Days,RC-2026-CIV-01,Capital Equipment,Asset,Civil Engineering,Laboratory Equipment,Standard Price,GST 18%,90230090,Yes,JC314,1 Nos.,Yes,Not Applicable,JC314,"ABC Technologies, XYZ Systems",BOSC-LATH-048,https://drive.google.com/file/d/1IsPZVAOsWL0Sr5K1qUTATIn2MmLJxZnJ/view?usp=drive_link,Specification sheet attached / to be updated,Demo master data; replace during final inventory validation
JC314,JC Bose Block,Vacuum Pump,https://drive.google.com/file/d/1PO_EXAMPLE_049/view?usp=sharing,https://drive.google.com/file/d/1IsPZVAOsWL0Sr5K1qUTATIn2MmLJxZnJ/view?usp=drive_link,https://drive.google.com/file/d/1SOP_EXAMPLE_FILE/view?usp=sharing,2025-12-15,2026-12-15,Civil Engineering,Dr. Faculty 1,incharge.jc314@srmap.edu.in,2026-09-30,2026-07-31,2024-01-15,221500,ABC Technologies,2027-03-31,Institute Fund,SRMAP-MM-000049,Vacuum Pump,Vacuum Pump,Asset,Civil Engineering,Capital Asset,SRMAP Standard,VACU-149,VEN-00149,Nos.,15 Days,RC-2026-CIV-01,Capital Equipment,Asset,Civil Engineering,Laboratory Equipment,Standard Price,GST 18%,90230090,Yes,JC314,1 Nos.,Yes,Not Applicable,JC314,"ABC Technologies, XYZ Systems",SRMA-VACU-049,https://drive.google.com/file/d/1IsPZVAOsWL0Sr5K1qUTATIn2MmLJxZnJ/view?usp=drive_link,Specification sheet attached / to be updated,Demo master data; replace during final inventory validation
JC315,JC Bose Block,Function Generator,https://drive.google.com/file/d/1PO_EXAMPLE_050/view?usp=sharing,https://drive.google.com/file/d/1IsPZVAOsWL0Sr5K1qUTATIn2MmLJxZnJ/view?usp=drive_link,https://drive.google.com/file/d/1SOP_EXAMPLE_FILE/view?usp=sharing,2025-12-15,2026-12-15,Civil Engineering,Dr. Faculty 2,incharge.jc315@srmap.edu.in,2026-09-30,2026-07-31,2024-02-15,225000,ABC Technologies,2027-03-31,Institute Fund,SRMAP-MM-000050,Function Generator,Function Generator,Asset,Civil Engineering,Capital Asset,Keysight,FUNC-150,VEN-00150,Nos.,15 Days,RC-2026-CIV-01,Capital Equipment,Asset,Civil Engineering,Laboratory Equipment,Standard Price,GST 18%,90230090,Yes,JC315,1 Nos.,Yes,Not Applicable,JC315,"ABC Technologies, XYZ Systems",KEYS-FUNC-050,https://drive.google.com/file/d/1IsPZVAOsWL0Sr5K1qUTATIn2MmLJxZnJ/view?usp=drive_link,Specification sheet attached / to be updated,Demo master data; replace during final inventory validation
JC315,JC Bose Block,Oscilloscope,https://drive.google.com/file/d/1PO_EXAMPLE_051/view?usp=sharing,https://drive.google.com/file/d/1IsPZVAOsWL0Sr5K1qUTATIn2MmLJxZnJ/view?usp=drive_link,https://drive.google.com/file/d/1SOP_EXAMPLE_FILE/view?usp=sharing,2025-12-15,2026-12-15,Civil Engineering,Dr. Faculty 3,incharge.jc315@srmap.edu.in,2026-09-30,2026-07-31,2024-03-15,228500,ABC Technologies,2027-03-31,Institute Fund,SRMAP-MM-000051,Oscilloscope,Oscilloscope,Asset,Civil Engineering,Capital Asset,Keysight,OSCI-151,VEN-00151,Nos.,15 Days,RC-2026-CIV-01,Capital Equipment,Asset,Civil Engineering,Laboratory Equipment,Standard Price,GST 18%,90230090,Yes,JC315,1 Nos.,Yes,Not Applicable,JC315,"ABC Technologies, XYZ Systems",KEYS-OSCI-051,https://drive.google.com/file/d/1IsPZVAOsWL0Sr5K1qUTATIn2MmLJxZnJ/view?usp=drive_link,Specification sheet attached / to be updated,Demo master data; replace during final inventory validation
JC315,JC Bose Block,Power Supply,https://drive.google.com/file/d/1PO_EXAMPLE_052/view?usp=sharing,https://drive.google.com/file/d/1IsPZVAOsWL0Sr5K1qUTATIn2MmLJxZnJ/view?usp=drive_link,https://drive.google.com/file/d/1SOP_EXAMPLE_FILE/view?usp=sharing,2025-12-15,2026-12-15,Civil Engineering,Dr. Faculty 4,incharge.jc315@srmap.edu.in,2026-09-30,2026-07-31,2024-04-15,232000,ABC Technologies,2027-03-31,Institute Fund,SRMAP-MM-000052,Power Supply,Power Supply,Asset,Civil Engineering,Capital Asset,Keysight,POWE-152,VEN-00152,Nos.,15 Days,RC-2026-CIV-01,Capital Equipment,Asset,Civil Engineering,Laboratory Equipment,Standard Price,GST 18%,90230090,Yes,JC315,1 Nos.,Yes,Not Applicable,JC315,"ABC Technologies, XYZ Systems",KEYS-POWE-052,https://drive.google.com/file/d/1IsPZVAOsWL0Sr5K1qUTATIn2MmLJxZnJ/view?usp=drive_link,Specification sheet attached / to be updated,Demo master data; replace during final inventory validation
JC315,JC Bose Block,Digital Multimeter,https://drive.google.com/file/d/1PO_EXAMPLE_053/view?usp=sharing,https://drive.google.com/file/d/1IsPZVAOsWL0Sr5K1qUTATIn2MmLJxZnJ/view?usp=drive_link,https://drive.google.com/file/d/1SOP_EXAMPLE_FILE/view?usp=sharing,2025-12-15,2026-12-15,Civil Engineering,Dr. Faculty 5,incharge.jc315@srmap.edu.in,2026-09-30,2026-07-31,2024-05-15,235500,ABC Technologies,2027-03-31,Institute Fund,SRMAP-MM-000053,Digital Multimeter,Digital Multimeter,Asset,Civil Engineering,Capital Asset,SRMAP Standard,DIGI-153,VEN-00153,Nos.,15 Days,RC-2026-CIV-01,Capital Equipment,Asset,Civil Engineering,Laboratory Equipment,Standard Price,GST 18%,90230090,Yes,JC315,1 Nos.,Yes,Not Applicable,JC315,"ABC Technologies, XYZ Systems",SRMA-DIGI-053,https://drive.google.com/file/d/1IsPZVAOsWL0Sr5K1qUTATIn2MmLJxZnJ/view?usp=drive_link,Specification sheet attached / to be updated,Demo master data; replace during final inventory validation
JC318,JC Bose Block,pH Meter,https://drive.google.com/file/d/1PO_EXAMPLE_054/view?usp=sharing,https://drive.google.com/file/d/1IsPZVAOsWL0Sr5K1qUTATIn2MmLJxZnJ/view?usp=drive_link,https://drive.google.com/file/d/1SOP_EXAMPLE_FILE/view?usp=sharing,2025-12-15,2026-12-15,Civil Engineering,Dr. Faculty 6,incharge.jc318@srmap.edu.in,2026-09-30,2026-07-31,2024-06-15,239000,ABC Technologies,2027-03-31,Institute Fund,SRMAP-MM-000054,pH Meter,pH Meter,Asset,Civil Engineering,Capital Asset,Thermo Fisher,PHME-154,VEN-00154,Nos.,15 Days,RC-2026-CIV-01,Capital Equipment,Asset,Civil Engineering,Laboratory Equipment,Standard Price,GST 18%,90230090,Yes,JC318,1 Nos.,Yes,Not Applicable,JC318,"ABC Technologies, XYZ Systems",THER-PHME-054,https://drive.google.com/file/d/1IsPZVAOsWL0Sr5K1qUTATIn2MmLJxZnJ/view?usp=drive_link,Specification sheet attached / to be updated,Demo master data; replace during final inventory validation
JC318,JC Bose Block,Hot Plate,https://drive.google.com/file/d/1PO_EXAMPLE_055/view?usp=sharing,https://drive.google.com/file/d/1IsPZVAOsWL0Sr5K1qUTATIn2MmLJxZnJ/view?usp=drive_link,https://drive.google.com/file/d/1SOP_EXAMPLE_FILE/view?usp=sharing,2025-12-15,2026-12-15,Civil Engineering,Dr. Faculty 7,incharge.jc318@srmap.edu.in,2026-09-30,2026-07-31,2024-07-15,242500,ABC Technologies,2027-03-31,Institute Fund,SRMAP-MM-000055,Hot Plate,Hot Plate,Asset,Civil Engineering,Capital Asset,Thermo Fisher,HOTP-155,VEN-00155,Nos.,15 Days,RC-2026-CIV-01,Capital Equipment,Asset,Civil Engineering,Laboratory Equipment,Standard Price,GST 18%,90230090,Yes,JC318,1 Nos.,Yes,Not Applicable,JC318,"ABC Technologies, XYZ Systems",THER-HOTP-055,https://drive.google.com/file/d/1IsPZVAOsWL0Sr5K1qUTATIn2MmLJxZnJ/view?usp=drive_link,Specification sheet attached / to be updated,Demo master data; replace during final inventory validation
JC318,JC Bose Block,Magnetic Stirrer,https://drive.google.com/file/d/1PO_EXAMPLE_056/view?usp=sharing,https://drive.google.com/file/d/1IsPZVAOsWL0Sr5K1qUTATIn2MmLJxZnJ/view?usp=drive_link,https://drive.google.com/file/d/1SOP_EXAMPLE_FILE/view?usp=sharing,2025-12-15,2026-12-15,Civil Engineering,Dr. Faculty 8,incharge.jc318@srmap.edu.in,2026-09-30,2026-07-31,2024-08-15,246000,ABC Technologies,2027-03-31,Institute Fund,SRMAP-MM-000056,Magnetic Stirrer,Magnetic Stirrer,Asset,Civil Engineering,Capital Asset,Thermo Fisher,MAGN-156,VEN-00156,Nos.,15 Days,RC-2026-CIV-01,Capital Equipment,Asset,Civil Engineering,Laboratory Equipment,Standard Price,GST 18%,90230090,Yes,JC318,1 Nos.,Yes,Not Applicable,JC318,"ABC Technologies, XYZ Systems",THER-MAGN-056,https://drive.google.com/file/d/1IsPZVAOsWL0Sr5K1qUTATIn2MmLJxZnJ/view?usp=drive_link,Specification sheet attached / to be updated,Demo master data; replace during final inventory validation
JC318,JC Bose Block,Centrifuge,https://drive.google.com/file/d/1PO_EXAMPLE_057/view?usp=sharing,https://drive.google.com/file/d/1IsPZVAOsWL0Sr5K1qUTATIn2MmLJxZnJ/view?usp=drive_link,https://drive.google.com/file/d/1SOP_EXAMPLE_FILE/view?usp=sharing,2025-12-15,2026-12-15,Civil Engineering,Dr. Faculty 9,incharge.jc318@srmap.edu.in,2026-09-30,2026-07-31,2024-09-15,249500,ABC Technologies,2027-03-31,Institute Fund,SRMAP-MM-000057,Centrifuge,Centrifuge,Asset,Civil Engineering,Capital Asset,Thermo Fisher,CENT-157,VEN-00157,Nos.,15 Days,RC-2026-CIV-01,Capital Equipment,Asset,Civil Engineering,Laboratory Equipment,Standard Price,GST 18%,90230090,Yes,JC318,1 Nos.,Yes,Not Applicable,JC318,"ABC Technologies, XYZ Systems",THER-CENT-057,https://drive.google.com/file/d/1IsPZVAOsWL0Sr5K1qUTATIn2MmLJxZnJ/view?usp=drive_link,Specification sheet attached / to be updated,Demo master data; replace during final inventory validation
JC319,JC Bose Block,Server Rack,https://drive.google.com/file/d/1PO_EXAMPLE_058/view?usp=sharing,https://drive.google.com/file/d/1IsPZVAOsWL0Sr5K1qUTATIn2MmLJxZnJ/view?usp=drive_link,https://drive.google.com/file/d/1SOP_EXAMPLE_FILE/view?usp=sharing,2025-12-15,2026-12-15,Civil Engineering,Dr. Faculty 10,incharge.jc319@srmap.edu.in,2026-09-30,2026-07-31,2024-10-15,253000,ABC Technologies,2027-03-31,Institute Fund,SRMAP-MM-000058,Server Rack,Server Rack,Asset,Civil Engineering,Capital Asset,Dell,SERV-158,VEN-00158,Nos.,15 Days,RC-2026-CIV-01,Capital Equipment,Asset,Civil Engineering,Laboratory Equipment,Standard Price,GST 18%,90230090,Yes,JC319,1 Nos.,Yes,Not Applicable,JC319,"ABC Technologies, XYZ Systems",DELL-SERV-058,https://drive.google.com/file/d/1IsPZVAOsWL0Sr5K1qUTATIn2MmLJxZnJ/view?usp=drive_link,Specification sheet attached / to be updated,Demo master data; replace during final inventory validation
JC319,JC Bose Block,Workstation PC,https://drive.google.com/file/d/1PO_EXAMPLE_059/view?usp=sharing,https://drive.google.com/file/d/1IsPZVAOsWL0Sr5K1qUTATIn2MmLJxZnJ/view?usp=drive_link,https://drive.google.com/file/d/1SOP_EXAMPLE_FILE/view?usp=sharing,2025-12-15,2026-12-15,Civil Engineering,Dr. Faculty 11,incharge.jc319@srmap.edu.in,2026-09-30,2026-07-31,2024-11-15,256500,ABC Technologies,2027-03-31,Institute Fund,SRMAP-MM-000059,Workstation PC,Workstation PC,Asset,Civil Engineering,Capital Asset,Dell,WORK-159,VEN-00159,Nos.,15 Days,RC-2026-CIV-01,Capital Equipment,Asset,Civil Engineering,Laboratory Equipment,Standard Price,GST 18%,90230090,Yes,JC319,1 Nos.,Yes,Not Applicable,JC319,"ABC Technologies, XYZ Systems",DELL-WORK-059,https://drive.google.com/file/d/1IsPZVAOsWL0Sr5K1qUTATIn2MmLJxZnJ/view?usp=drive_link,Specification sheet attached / to be updated,Demo master data; replace during final inventory validation
JC319,JC Bose Block,Network Switch,https://drive.google.com/file/d/1PO_EXAMPLE_060/view?usp=sharing,https://drive.google.com/file/d/1IsPZVAOsWL0Sr5K1qUTATIn2MmLJxZnJ/view?usp=drive_link,https://drive.google.com/file/d/1SOP_EXAMPLE_FILE/view?usp=sharing,2025-12-15,2026-12-15,Civil Engineering,Dr. Faculty 12,incharge.jc319@srmap.edu.in,2026-09-30,2026-07-31,2024-12-15,260000,ABC Technologies,2027-03-31,Institute Fund,SRMAP-MM-000060,Network Switch,Network Switch,Asset,Civil Engineering,Capital Asset,Dell,NETW-160,VEN-00160,Nos.,15 Days,RC-2026-CIV-01,Capital Equipment,Asset,Civil Engineering,Laboratory Equipment,Standard Price,GST 18%,90230090,Yes,JC319,1 Nos.,Yes,Not Applicable,JC319,"ABC Technologies, XYZ Systems",DELL-NETW-060,https://drive.google.com/file/d/1IsPZVAOsWL0Sr5K1qUTATIn2MmLJxZnJ/view?usp=drive_link,Specification sheet attached / to be updated,Demo master data; replace during final inventory validation
JC319,JC Bose Block,UPS,https://drive.google.com/file/d/1PO_EXAMPLE_061/view?usp=sharing,https://drive.google.com/file/d/1IsPZVAOsWL0Sr5K1qUTATIn2MmLJxZnJ/view?usp=drive_link,https://drive.google.com/file/d/1SOP_EXAMPLE_FILE/view?usp=sharing,2025-12-15,2026-12-15,Civil Engineering,Dr. Faculty 1,incharge.jc319@srmap.edu.in,2026-09-30,2026-07-31,2024-01-15,263500,ABC Technologies,2027-03-31,Institute Fund,SRMAP-MM-000061,UPS,UPS,Asset,Civil Engineering,Capital Asset,Dell,UPS-161,VEN-00161,Nos.,15 Days,RC-2026-CIV-01,Capital Equipment,Asset,Civil Engineering,Laboratory Equipment,Standard Price,GST 18%,90230090,Yes,JC319,1 Nos.,Yes,Not Applicable,JC319,"ABC Technologies, XYZ Systems",DELL-UPS-061,https://drive.google.com/file/d/1IsPZVAOsWL0Sr5K1qUTATIn2MmLJxZnJ/view?usp=drive_link,Specification sheet attached / to be updated,Demo master data; replace during final inventory validation
JC320,JC Bose Block,3D Printer,https://drive.google.com/file/d/1PO_EXAMPLE_062/view?usp=sharing,https://drive.google.com/file/d/1IsPZVAOsWL0Sr5K1qUTATIn2MmLJxZnJ/view?usp=drive_link,https://drive.google.com/file/d/1SOP_EXAMPLE_FILE/view?usp=sharing,2025-12-15,2026-12-15,Civil Engineering,Dr. Faculty 2,incharge.jc320@srmap.edu.in,2026-09-30,2026-07-31,2024-02-15,267000,ABC Technologies,2027-03-31,Institute Fund,SRMAP-MM-000062,3D Printer,3D Printer,Asset,Civil Engineering,Capital Asset,Bosch,3DPR-162,VEN-00162,Nos.,15 Days,RC-2026-CIV-01,Capital Equipment,Asset,Civil Engineering,Laboratory Equipment,Standard Price,GST 18%,90230090,Yes,JC320,1 Nos.,Yes,Not Applicable,JC320,"ABC Technologies, XYZ Systems",BOSC-3DPR-062,https://drive.google.com/file/d/1IsPZVAOsWL0Sr5K1qUTATIn2MmLJxZnJ/view?usp=drive_link,Specification sheet attached / to be updated,Demo master data; replace during final inventory validation
JC320,JC Bose Block,Laser Cutter,https://drive.google.com/file/d/1PO_EXAMPLE_063/view?usp=sharing,https://drive.google.com/file/d/1IsPZVAOsWL0Sr5K1qUTATIn2MmLJxZnJ/view?usp=drive_link,https://drive.google.com/file/d/1SOP_EXAMPLE_FILE/view?usp=sharing,2025-12-15,2026-12-15,Civil Engineering,Dr. Faculty 3,incharge.jc320@srmap.edu.in,2026-09-30,2026-07-31,2024-03-15,270500,ABC Technologies,2027-03-31,Institute Fund,SRMAP-MM-000063,Laser Cutter,Laser Cutter,Asset,Civil Engineering,Capital Asset,Bosch,LASE-163,VEN-00163,Nos.,15 Days,RC-2026-CIV-01,Capital Equipment,Asset,Civil Engineering,Laboratory Equipment,Standard Price,GST 18%,90230090,Yes,JC320,1 Nos.,Yes,Not Applicable,JC320,"ABC Technologies, XYZ Systems",BOSC-LASE-063,https://drive.google.com/file/d/1IsPZVAOsWL0Sr5K1qUTATIn2MmLJxZnJ/view?usp=drive_link,Specification sheet attached / to be updated,Demo master data; replace during final inventory validation
JC320,JC Bose Block,Soldering Station,https://drive.google.com/file/d/1PO_EXAMPLE_064/view?usp=sharing,https://drive.google.com/file/d/1IsPZVAOsWL0Sr5K1qUTATIn2MmLJxZnJ/view?usp=drive_link,https://drive.google.com/file/d/1SOP_EXAMPLE_FILE/view?usp=sharing,2025-12-15,2026-12-15,Civil Engineering,Dr. Faculty 4,incharge.jc320@srmap.edu.in,2026-09-30,2026-07-31,2024-04-15,274000,ABC Technologies,2027-03-31,Institute Fund,SRMAP-MM-000064,Soldering Station,Soldering Station,Asset,Civil Engineering,Capital Asset,SRMAP Standard,SOLD-164,VEN-00164,Nos.,15 Days,RC-2026-CIV-01,Capital Equipment,Asset,Civil Engineering,Laboratory Equipment,Standard Price,GST 18%,90230090,Yes,JC320,1 Nos.,Yes,Not Applicable,JC320,"ABC Technologies, XYZ Systems",SRMA-SOLD-064,https://drive.google.com/file/d/1IsPZVAOsWL0Sr5K1qUTATIn2MmLJxZnJ/view?usp=drive_link,Specification sheet attached / to be updated,Demo master data; replace during final inventory validation
JC320,JC Bose Block,Microscope,https://drive.google.com/file/d/1PO_EXAMPLE_065/view?usp=sharing,https://drive.google.com/file/d/1IsPZVAOsWL0Sr5K1qUTATIn2MmLJxZnJ/view?usp=drive_link,https://drive.google.com/file/d/1SOP_EXAMPLE_FILE/view?usp=sharing,2025-12-15,2026-12-15,Civil Engineering,Dr. Faculty 5,incharge.jc320@srmap.edu.in,2026-09-30,2026-07-31,2024-05-15,277500,ABC Technologies,2027-03-31,Institute Fund,SRMAP-MM-000065,Microscope,Microscope,Asset,Civil Engineering,Capital Asset,Thermo Fisher,MICR-165,VEN-00165,Nos.,15 Days,RC-2026-CIV-01,Capital Equipment,Asset,Civil Engineering,Laboratory Equipment,Standard Price,GST 18%,90230090,Yes,JC320,1 Nos.,Yes,Not Applicable,JC320,"ABC Technologies, XYZ Systems",THER-MICR-065,https://drive.google.com/file/d/1IsPZVAOsWL0Sr5K1qUTATIn2MmLJxZnJ/view?usp=drive_link,Specification sheet attached / to be updated,Demo master data; replace during final inventory validation
JC401,JC Bose Block,Oscilloscope,https://drive.google.com/file/d/1PO_EXAMPLE_066/view?usp=sharing,https://drive.google.com/file/d/1IsPZVAOsWL0Sr5K1qUTATIn2MmLJxZnJ/view?usp=drive_link,https://drive.google.com/file/d/1SOP_EXAMPLE_FILE/view?usp=sharing,2025-12-15,2026-12-15,Civil Engineering,Dr. Faculty 6,incharge.jc401@srmap.edu.in,2026-09-30,2026-07-31,2024-06-15,281000,ABC Technologies,2027-03-31,Institute Fund,SRMAP-MM-000066,Oscilloscope,Oscilloscope,Asset,Civil Engineering,Capital Asset,Keysight,OSCI-166,VEN-00166,Nos.,15 Days,RC-2026-CIV-01,Capital Equipment,Asset,Civil Engineering,Laboratory Equipment,Standard Price,GST 18%,90230090,Yes,JC401,1 Nos.,Yes,Not Applicable,JC401,"ABC Technologies, XYZ Systems",KEYS-OSCI-066,https://drive.google.com/file/d/1IsPZVAOsWL0Sr5K1qUTATIn2MmLJxZnJ/view?usp=drive_link,Specification sheet attached / to be updated,Demo master data; replace during final inventory validation
JC401,JC Bose Block,Power Supply,https://drive.google.com/file/d/1PO_EXAMPLE_JC401_PSU/view?usp=sharing,https://drive.google.com/file/d/1IsPZVAOsWL0Sr5K1qUTATIn2MmLJxZnJ/view?usp=drive_link,https://drive.google.com/file/d/1SOP_EXAMPLE_FILE/view?usp=sharing,2025-12-15,2026-12-15,Civil Engineering,Dr. Faculty 7,incharge.jc401@srmap.edu.in,2026-09-30,2026-07-31,2024-07-15,284500,ABC Technologies,2027-03-31,Institute Fund,SRMAP-MM-000067,Power Supply,Power Supply,Asset,Civil Engineering,Capital Asset,Keysight,POWE-167,VEN-00167,Nos.,15 Days,RC-2026-CIV-01,Capital Equipment,Asset,Civil Engineering,Laboratory Equipment,Standard Price,GST 18%,90230090,Yes,JC401,1 Nos.,Yes,Not Applicable,JC401,"ABC Technologies, XYZ Systems",KEYS-POWE-067,https://drive.google.com/file/d/1IsPZVAOsWL0Sr5K1qUTATIn2MmLJxZnJ/view?usp=drive_link,Specification sheet attached / to be updated,Demo master data; replace during final inventory validation
JC401,JC Bose Block,Function Generator,https://drive.google.com/file/d/1PO_EXAMPLE_068/view?usp=sharing,https://drive.google.com/file/d/1IsPZVAOsWL0Sr5K1qUTATIn2MmLJxZnJ/view?usp=drive_link,https://drive.google.com/file/d/1SOP_EXAMPLE_FILE/view?usp=sharing,2025-12-15,2026-12-15,Civil Engineering,Dr. Faculty 8,incharge.jc401@srmap.edu.in,2026-09-30,2026-07-31,2024-08-15,288000,ABC Technologies,2027-03-31,Institute Fund,SRMAP-MM-000068,Function Generator,Function Generator,Asset,Civil Engineering,Capital Asset,Keysight,FUNC-168,VEN-00168,Nos.,15 Days,RC-2026-CIV-01,Capital Equipment,Asset,Civil Engineering,Laboratory Equipment,Standard Price,GST 18%,90230090,Yes,JC401,1 Nos.,Yes,Not Applicable,JC401,"ABC Technologies, XYZ Systems",KEYS-FUNC-068,https://drive.google.com/file/d/1IsPZVAOsWL0Sr5K1qUTATIn2MmLJxZnJ/view?usp=drive_link,Specification sheet attached / to be updated,Demo master data; replace during final inventory validation
JC401,JC Bose Block,Soldering Station,https://drive.google.com/file/d/1PO_EXAMPLE_069/view?usp=sharing,https://drive.google.com/file/d/1IsPZVAOsWL0Sr5K1qUTATIn2MmLJxZnJ/view?usp=drive_link,https://drive.google.com/file/d/1SOP_EXAMPLE_FILE/view?usp=sharing,2025-12-15,2026-12-15,Civil Engineering,Dr. Faculty 9,incharge.jc401@srmap.edu.in,2026-09-30,2026-07-31,2024-09-15,291500,ABC Technologies,2027-03-31,Institute Fund,SRMAP-MM-000069,Soldering Station,Soldering Station,Asset,Civil Engineering,Capital Asset,SRMAP Standard,SOLD-169,VEN-00169,Nos.,15 Days,RC-2026-CIV-01,Capital Equipment,Asset,Civil Engineering,Laboratory Equipment,Standard Price,GST 18%,90230090,Yes,JC401,1 Nos.,Yes,Not Applicable,JC401,"ABC Technologies, XYZ Systems",SRMA-SOLD-069,https://drive.google.com/file/d/1IsPZVAOsWL0Sr5K1qUTATIn2MmLJxZnJ/view?usp=drive_link,Specification sheet attached / to be updated,Demo master data; replace during final inventory validation
JC402,JC Bose Block,Desktop Computer,https://drive.google.com/file/d/1PO_EXAMPLE_070/view?usp=sharing,https://drive.google.com/file/d/1IsPZVAOsWL0Sr5K1qUTATIn2MmLJxZnJ/view?usp=drive_link,https://drive.google.com/file/d/1SOP_EXAMPLE_FILE/view?usp=sharing,2025-12-15,2026-12-15,Civil Engineering,Dr. Faculty 10,incharge.jc402@srmap.edu.in,2026-09-30,2026-07-31,2024-10-15,295000,ABC Technologies,2027-03-31,Institute Fund,SRMAP-MM-000070,Desktop Computer,Desktop Computer,Asset,Civil Engineering,Capital Asset,Dell,DESK-170,VEN-00170,Nos.,15 Days,RC-2026-CIV-01,Capital Equipment,Asset,Civil Engineering,Laboratory Equipment,Standard Price,GST 18%,90230090,Yes,JC402,1 Nos.,Yes,Not Applicable,JC402,"ABC Technologies, XYZ Systems",DELL-DESK-070,https://drive.google.com/file/d/1IsPZVAOsWL0Sr5K1qUTATIn2MmLJxZnJ/view?usp=drive_link,Specification sheet attached / to be updated,Demo master data; replace during final inventory validation
JC402,JC Bose Block,Projector,https://drive.google.com/file/d/1PO_EXAMPLE_071/view?usp=sharing,https://drive.google.com/file/d/1IsPZVAOsWL0Sr5K1qUTATIn2MmLJxZnJ/view?usp=drive_link,https://drive.google.com/file/d/1SOP_EXAMPLE_FILE/view?usp=sharing,2025-12-15,2026-12-15,Civil Engineering,Dr. Faculty 11,incharge.jc402@srmap.edu.in,2026-09-30,2026-07-31,2024-11-15,298500,ABC Technologies,2027-03-31,Institute Fund,SRMAP-MM-000071,Projector,Projector,Asset,Civil Engineering,Capital Asset,Dell,PROJ-171,VEN-00171,Nos.,15 Days,RC-2026-CIV-01,Capital Equipment,Asset,Civil Engineering,Laboratory Equipment,Standard Price,GST 18%,90230090,Yes,JC402,1 Nos.,Yes,Not Applicable,JC402,"ABC Technologies, XYZ Systems",DELL-PROJ-071,https://drive.google.com/file/d/1IsPZVAOsWL0Sr5K1qUTATIn2MmLJxZnJ/view?usp=drive_link,Specification sheet attached / to be updated,Demo master data; replace during final inventory validation
JC402,JC Bose Block,Document Camera,https://drive.google.com/file/d/1PO_EXAMPLE_072/view?usp=sharing,https://drive.google.com/file/d/1IsPZVAOsWL0Sr5K1qUTATIn2MmLJxZnJ/view?usp=drive_link,https://drive.google.com/file/d/1SOP_EXAMPLE_FILE/view?usp=sharing,2025-12-15,2026-12-15,Civil Engineering,Dr. Faculty 12,incharge.jc402@srmap.edu.in,2026-09-30,2026-07-31,2024-12-15,302000,ABC Technologies,2027-03-31,Institute Fund,SRMAP-MM-000072,Document Camera,Document Camera,Asset,Civil Engineering,Capital Asset,SRMAP Standard,DOCU-172,VEN-00172,Nos.,15 Days,RC-2026-CIV-01,Capital Equipment,Asset,Civil Engineering,Laboratory Equipment,Standard Price,GST 18%,90230090,Yes,JC402,1 Nos.,Yes,Not Applicable,JC402,"ABC Technologies, XYZ Systems",SRMA-DOCU-072,https://drive.google.com/file/d/1IsPZVAOsWL0Sr5K1qUTATIn2MmLJxZnJ/view?usp=drive_link,Specification sheet attached / to be updated,Demo master data; replace during final inventory validation
JC403,JC Bose Block,3D Printer,https://drive.google.com/file/d/1PO_EXAMPLE_073/view?usp=sharing,https://drive.google.com/file/d/1IsPZVAOsWL0Sr5K1qUTATIn2MmLJxZnJ/view?usp=drive_link,https://drive.google.com/file/d/1SOP_EXAMPLE_FILE/view?usp=sharing,2025-12-15,2026-12-15,Civil Engineering,Dr. Faculty 1,incharge.jc403@srmap.edu.in,2026-09-30,2026-07-31,2024-01-15,305500,ABC Technologies,2027-03-31,Institute Fund,SRMAP-MM-000073,3D Printer,3D Printer,Asset,Civil Engineering,Capital Asset,Bosch,3DPR-173,VEN-00173,Nos.,15 Days,RC-2026-CIV-01,Capital Equipment,Asset,Civil Engineering,Laboratory Equipment,Standard Price,GST 18%,90230090,Yes,JC403,1 Nos.,Yes,Not Applicable,JC403,"ABC Technologies, XYZ Systems",BOSC-3DPR-073,https://drive.google.com/file/d/1IsPZVAOsWL0Sr5K1qUTATIn2MmLJxZnJ/view?usp=drive_link,Specification sheet attached / to be updated,Demo master data; replace during final inventory validation
JC403,JC Bose Block,Vacuum Pump,https://drive.google.com/file/d/1PO_EXAMPLE_074/view?usp=sharing,https://drive.google.com/file/d/1IsPZVAOsWL0Sr5K1qUTATIn2MmLJxZnJ/view?usp=drive_link,https://drive.google.com/file/d/1SOP_EXAMPLE_FILE/view?usp=sharing,2025-12-15,2026-12-15,Civil Engineering,Dr. Faculty 2,incharge.jc403@srmap.edu.in,2026-09-30,2026-07-31,2024-02-15,309000,ABC Technologies,2027-03-31,Institute Fund,SRMAP-MM-000074,Vacuum Pump,Vacuum Pump,Asset,Civil Engineering,Capital Asset,SRMAP Standard,VACU-174,VEN-00174,Nos.,15 Days,RC-2026-CIV-01,Capital Equipment,Asset,Civil Engineering,Laboratory Equipment,Standard Price,GST 18%,90230090,Yes,JC403,1 Nos.,Yes,Not Applicable,JC403,"ABC Technologies, XYZ Systems",SRMA-VACU-074,https://drive.google.com/file/d/1IsPZVAOsWL0Sr5K1qUTATIn2MmLJxZnJ/view?usp=drive_link,Specification sheet attached / to be updated,Demo master data; replace during final inventory validation
JC403,JC Bose Block,Digital Multimeter,https://drive.google.com/file/d/1PO_EXAMPLE_075/view?usp=sharing,https://drive.google.com/file/d/1IsPZVAOsWL0Sr5K1qUTATIn2MmLJxZnJ/view?usp=drive_link,https://drive.google.com/file/d/1SOP_EXAMPLE_FILE/view?usp=sharing,2025-12-15,2026-12-15,Civil Engineering,Dr. Faculty 3,incharge.jc403@srmap.edu.in,2026-09-30,2026-07-31,2024-03-15,312500,ABC Technologies,2027-03-31,Institute Fund,SRMAP-MM-000075,Digital Multimeter,Digital Multimeter,Asset,Civil Engineering,Capital Asset,SRMAP Standard,DIGI-175,VEN-00175,Nos.,15 Days,RC-2026-CIV-01,Capital Equipment,Asset,Civil Engineering,Laboratory Equipment,Standard Price,GST 18%,90230090,Yes,JC403,1 Nos.,Yes,Not Applicable,JC403,"ABC Technologies, XYZ Systems",SRMA-DIGI-075,https://drive.google.com/file/d/1IsPZVAOsWL0Sr5K1qUTATIn2MmLJxZnJ/view?usp=drive_link,Specification sheet attached / to be updated,Demo master data; replace during final inventory validation
JC404,JC Bose Block,Microscope,https://drive.google.com/file/d/1PO_EXAMPLE_076/view?usp=sharing,https://drive.google.com/file/d/1IsPZVAOsWL0Sr5K1qUTATIn2MmLJxZnJ/view?usp=drive_link,https://drive.google.com/file/d/1SOP_EXAMPLE_FILE/view?usp=sharing,2025-12-15,2026-12-15,Civil Engineering,Dr. Faculty 4,incharge.jc404@srmap.edu.in,2026-09-30,2026-07-31,2024-04-15,316000,ABC Technologies,2027-03-31,Institute Fund,SRMAP-MM-000076,Microscope,Microscope,Asset,Civil Engineering,Capital Asset,Thermo Fisher,MICR-176,VEN-00176,Nos.,15 Days,RC-2026-CIV-01,Capital Equipment,Asset,Civil Engineering,Laboratory Equipment,Standard Price,GST 18%,90230090,Yes,JC404,1 Nos.,Yes,Not Applicable,JC404,"ABC Technologies, XYZ Systems",THER-MICR-076,https://drive.google.com/file/d/1IsPZVAOsWL0Sr5K1qUTATIn2MmLJxZnJ/view?usp=drive_link,Specification sheet attached / to be updated,Demo master data; replace during final inventory validation
JC404,JC Bose Block,Centrifuge,https://drive.google.com/file/d/1PO_EXAMPLE_077/view?usp=sharing,https://drive.google.com/file/d/1IsPZVAOsWL0Sr5K1qUTATIn2MmLJxZnJ/view?usp=drive_link,https://drive.google.com/file/d/1SOP_EXAMPLE_FILE/view?usp=sharing,2025-12-15,2026-12-15,Civil Engineering,Dr. Faculty 5,incharge.jc404@srmap.edu.in,2026-09-30,2026-07-31,2024-05-15,319500,ABC Technologies,2027-03-31,Institute Fund,SRMAP-MM-000077,Centrifuge,Centrifuge,Asset,Civil Engineering,Capital Asset,Thermo Fisher,CENT-177,VEN-00177,Nos.,15 Days,RC-2026-CIV-01,Capital Equipment,Asset,Civil Engineering,Laboratory Equipment,Standard Price,GST 18%,90230090,Yes,JC404,1 Nos.,Yes,Not Applicable,JC404,"ABC Technologies, XYZ Systems",THER-CENT-077,https://drive.google.com/file/d/1IsPZVAOsWL0Sr5K1qUTATIn2MmLJxZnJ/view?usp=drive_link,Specification sheet attached / to be updated,Demo master data; replace during final inventory validation
JC404,JC Bose Block,Incubator,https://drive.google.com/file/d/1PO_EXAMPLE_078/view?usp=sharing,https://drive.google.com/file/d/1IsPZVAOsWL0Sr5K1qUTATIn2MmLJxZnJ/view?usp=drive_link,https://drive.google.com/file/d/1SOP_EXAMPLE_FILE/view?usp=sharing,2025-12-15,2026-12-15,Civil Engineering,Dr. Faculty 6,incharge.jc404@srmap.edu.in,2026-09-30,2026-07-31,2024-06-15,323000,ABC Technologies,2027-03-31,Institute Fund,SRMAP-MM-000078,Incubator,Incubator,Asset,Civil Engineering,Capital Asset,SRMAP Standard,INCU-178,VEN-00178,Nos.,15 Days,RC-2026-CIV-01,Capital Equipment,Asset,Civil Engineering,Laboratory Equipment,Standard Price,GST 18%,90230090,Yes,JC404,1 Nos.,Yes,Not Applicable,JC404,"ABC Technologies, XYZ Systems",SRMA-INCU-078,https://drive.google.com/file/d/1IsPZVAOsWL0Sr5K1qUTATIn2MmLJxZnJ/view?usp=drive_link,Specification sheet attached / to be updated,Demo master data; replace during final inventory validation
JC405,JC Bose Block,Spectrophotometer,https://drive.google.com/file/d/1PO_EXAMPLE_079/view?usp=sharing,https://drive.google.com/file/d/1IsPZVAOsWL0Sr5K1qUTATIn2MmLJxZnJ/view?usp=drive_link,https://drive.google.com/file/d/1SOP_EXAMPLE_FILE/view?usp=sharing,2025-12-15,2026-12-15,Civil Engineering,Dr. Faculty 7,incharge.jc405@srmap.edu.in,2026-09-30,2026-07-31,2024-07-15,326500,ABC Technologies,2027-03-31,Institute Fund,SRMAP-MM-000079,Spectrophotometer,Spectrophotometer,Asset,Civil Engineering,Capital Asset,Thermo Fisher,SPEC-179,VEN-00179,Nos.,15 Days,RC-2026-CIV-01,Capital Equipment,Asset,Civil Engineering,Laboratory Equipment,Standard Price,GST 18%,90230090,Yes,JC405,1 Nos.,Yes,Not Applicable,JC405,"ABC Technologies, XYZ Systems",THER-SPEC-079,https://drive.google.com/file/d/1IsPZVAOsWL0Sr5K1qUTATIn2MmLJxZnJ/view?usp=drive_link,Specification sheet attached / to be updated,Demo master data; replace during final inventory validation
JC405,JC Bose Block,Hot Plate,https://drive.google.com/file/d/1PO_EXAMPLE_080/view?usp=sharing,https://drive.google.com/file/d/1IsPZVAOsWL0Sr5K1qUTATIn2MmLJxZnJ/view?usp=drive_link,https://drive.google.com/file/d/1SOP_EXAMPLE_FILE/view?usp=sharing,2025-12-15,2026-12-15,Civil Engineering,Dr. Faculty 8,incharge.jc405@srmap.edu.in,2026-09-30,2026-07-31,2024-08-15,330000,ABC Technologies,2027-03-31,Institute Fund,SRMAP-MM-000080,Hot Plate,Hot Plate,Asset,Civil Engineering,Capital Asset,Thermo Fisher,HOTP-180,VEN-00180,Nos.,15 Days,RC-2026-CIV-01,Capital Equipment,Asset,Civil Engineering,Laboratory Equipment,Standard Price,GST 18%,90230090,Yes,JC405,1 Nos.,Yes,Not Applicable,JC405,"ABC Technologies, XYZ Systems",THER-HOTP-080,https://drive.google.com/file/d/1IsPZVAOsWL0Sr5K1qUTATIn2MmLJxZnJ/view?usp=drive_link,Specification sheet attached / to be updated,Demo master data; replace during final inventory validation
JC405,JC Bose Block,Magnetic Stirrer,https://drive.google.com/file/d/1PO_EXAMPLE_081/view?usp=sharing,https://drive.google.com/file/d/1IsPZVAOsWL0Sr5K1qUTATIn2MmLJxZnJ/view?usp=drive_link,https://drive.google.com/file/d/1SOP_EXAMPLE_FILE/view?usp=sharing,2025-12-15,2026-12-15,Civil Engineering,Dr. Faculty 9,incharge.jc405@srmap.edu.in,2026-09-30,2026-07-31,2024-09-15,333500,ABC Technologies,2027-03-31,Institute Fund,SRMAP-MM-000081,Magnetic Stirrer,Magnetic Stirrer,Asset,Civil Engineering,Capital Asset,Thermo Fisher,MAGN-181,VEN-00181,Nos.,15 Days,RC-2026-CIV-01,Capital Equipment,Asset,Civil Engineering,Laboratory Equipment,Standard Price,GST 18%,90230090,Yes,JC405,1 Nos.,Yes,Not Applicable,JC405,"ABC Technologies, XYZ Systems",THER-MAGN-081,https://drive.google.com/file/d/1IsPZVAOsWL0Sr5K1qUTATIn2MmLJxZnJ/view?usp=drive_link,Specification sheet attached / to be updated,Demo master data; replace during final inventory validation
JC405,JC Bose Block,pH Meter,https://drive.google.com/file/d/1PO_EXAMPLE_082/view?usp=sharing,https://drive.google.com/file/d/1IsPZVAOsWL0Sr5K1qUTATIn2MmLJxZnJ/view?usp=drive_link,https://drive.google.com/file/d/1SOP_EXAMPLE_FILE/view?usp=sharing,2025-12-15,2026-12-15,Civil Engineering,Dr. Faculty 10,incharge.jc405@srmap.edu.in,2026-09-30,2026-07-31,2024-10-15,337000,ABC Technologies,2027-03-31,Institute Fund,SRMAP-MM-000082,pH Meter,pH Meter,Asset,Civil Engineering,Capital Asset,Thermo Fisher,PHME-182,VEN-00182,Nos.,15 Days,RC-2026-CIV-01,Capital Equipment,Asset,Civil Engineering,Laboratory Equipment,Standard Price,GST 18%,90230090,Yes,JC405,1 Nos.,Yes,Not Applicable,JC405,"ABC Technologies, XYZ Systems",THER-PHME-082,https://drive.google.com/file/d/1IsPZVAOsWL0Sr5K1qUTATIn2MmLJxZnJ/view?usp=drive_link,Specification sheet attached / to be updated,Demo master data; replace during final inventory validation
JC406,JC Bose Block,Workstation PC,https://drive.google.com/file/d/1PO_EXAMPLE_083/view?usp=sharing,https://drive.google.com/file/d/1IsPZVAOsWL0Sr5K1qUTATIn2MmLJxZnJ/view?usp=drive_link,https://drive.google.com/file/d/1SOP_EXAMPLE_FILE/view?usp=sharing,2025-12-15,2026-12-15,Civil Engineering,Dr. Faculty 11,incharge.jc406@srmap.edu.in,2026-09-30,2026-07-31,2024-11-15,340500,ABC Technologies,2027-03-31,Institute Fund,SRMAP-MM-000083,Workstation PC,Workstation PC,Asset,Civil Engineering,Capital Asset,Dell,WORK-183,VEN-00183,Nos.,15 Days,RC-2026-CIV-01,Capital Equipment,Asset,Civil Engineering,Laboratory Equipment,Standard Price,GST 18%,90230090,Yes,JC406,1 Nos.,Yes,Not Applicable,JC406,"ABC Technologies, XYZ Systems",DELL-WORK-083,https://drive.google.com/file/d/1IsPZVAOsWL0Sr5K1qUTATIn2MmLJxZnJ/view?usp=drive_link,Specification sheet attached / to be updated,Demo master data; replace during final inventory validation
JC406,JC Bose Block,Network Switch,https://drive.google.com/file/d/1PO_EXAMPLE_084/view?usp=sharing,https://drive.google.com/file/d/1IsPZVAOsWL0Sr5K1qUTATIn2MmLJxZnJ/view?usp=drive_link,https://drive.google.com/file/d/1SOP_EXAMPLE_FILE/view?usp=sharing,2025-12-15,2026-12-15,Civil Engineering,Dr. Faculty 12,incharge.jc406@srmap.edu.in,2026-09-30,2026-07-31,2024-12-15,344000,ABC Technologies,2027-03-31,Institute Fund,SRMAP-MM-000084,Network Switch,Network Switch,Asset,Civil Engineering,Capital Asset,Dell,NETW-184,VEN-00184,Nos.,15 Days,RC-2026-CIV-01,Capital Equipment,Asset,Civil Engineering,Laboratory Equipment,Standard Price,GST 18%,90230090,Yes,JC406,1 Nos.,Yes,Not Applicable,JC406,"ABC Technologies, XYZ Systems",DELL-NETW-084,https://drive.google.com/file/d/1IsPZVAOsWL0Sr5K1qUTATIn2MmLJxZnJ/view?usp=drive_link,Specification sheet attached / to be updated,Demo master data; replace during final inventory validation
JC406,JC Bose Block,Server Rack,https://drive.google.com/file/d/1PO_EXAMPLE_JC406_RACK/view?usp=sharing,https://drive.google.com/file/d/1IsPZVAOsWL0Sr5K1qUTATIn2MmLJxZnJ/view?usp=drive_link,https://drive.google.com/file/d/1SOP_EXAMPLE_FILE/view?usp=sharing,2025-12-15,2026-12-15,Civil Engineering,Dr. Faculty 1,incharge.jc406@srmap.edu.in,2026-09-30,2026-07-31,2024-01-15,347500,ABC Technologies,2027-03-31,Institute Fund,SRMAP-MM-000085,Server Rack,Server Rack,Asset,Civil Engineering,Capital Asset,Dell,SERV-185,VEN-00185,Nos.,15 Days,RC-2026-CIV-01,Capital Equipment,Asset,Civil Engineering,Laboratory Equipment,Standard Price,GST 18%,90230090,Yes,JC406,1 Nos.,Yes,Not Applicable,JC406,"ABC Technologies, XYZ Systems",DELL-SERV-085,https://drive.google.com/file/d/1IsPZVAOsWL0Sr5K1qUTATIn2MmLJxZnJ/view?usp=drive_link,Specification sheet attached / to be updated,Demo master data; replace during final inventory validation
JC407,JC Bose Block,Arduino Kit,https://drive.google.com/file/d/1PO_EXAMPLE_086/view?usp=sharing,https://drive.google.com/file/d/1IsPZVAOsWL0Sr5K1qUTATIn2MmLJxZnJ/view?usp=drive_link,https://drive.google.com/file/d/1SOP_EXAMPLE_FILE/view?usp=sharing,2025-12-15,2026-12-15,Civil Engineering,Dr. Faculty 2,incharge.jc407@srmap.edu.in,2026-09-30,2026-07-31,2024-02-15,351000,ABC Technologies,2027-03-31,Institute Fund,SRMAP-MM-000086,Arduino Kit,Arduino Kit,Consumable,Civil Engineering,Consumable,SRMAP Standard,ARDU-186,VEN-00186,Nos.,15 Days,RC-2026-CIV-01,Lab Consumables,Cost Center,Civil Engineering,Not Applicable,Standard Price,GST 18%,90230090,Yes,JC407,100 Nos.,No,24 Months,JC407,"ABC Technologies, XYZ Systems",SRMA-ARDU-086,https://drive.google.com/file/d/1IsPZVAOsWL0Sr5K1qUTATIn2MmLJxZnJ/view?usp=drive_link,Specification sheet attached / to be updated,Demo master data; replace during final inventory validation
JC407,JC Bose Block,Raspberry Pi,https://drive.google.com/file/d/1PO_EXAMPLE_087/view?usp=sharing,https://drive.google.com/file/d/1IsPZVAOsWL0Sr5K1qUTATIn2MmLJxZnJ/view?usp=drive_link,https://drive.google.com/file/d/1SOP_EXAMPLE_FILE/view?usp=sharing,2025-12-15,2026-12-15,Civil Engineering,Dr. Faculty 3,incharge.jc407@srmap.edu.in,2026-09-30,2026-07-31,2024-03-15,354500,ABC Technologies,2027-03-31,Institute Fund,SRMAP-MM-000087,Raspberry Pi,Raspberry Pi,Asset,Civil Engineering,Capital Asset,SRMAP Standard,RASP-187,VEN-00187,Nos.,15 Days,RC-2026-CIV-01,Capital Equipment,Asset,Civil Engineering,Laboratory Equipment,Standard Price,GST 18%,90230090,Yes,JC407,1 Nos.,Yes,Not Applicable,JC407,"ABC Technologies, XYZ Systems",SRMA-RASP-087,https://drive.google.com/file/d/1IsPZVAOsWL0Sr5K1qUTATIn2MmLJxZnJ/view?usp=drive_link,Specification sheet attached / to be updated,Demo master data; replace during final inventory validation
JC407,JC Bose Block,Breadboard Set,https://drive.google.com/file/d/1PO_EXAMPLE_088/view?usp=sharing,https://drive.google.com/file/d/1IsPZVAOsWL0Sr5K1qUTATIn2MmLJxZnJ/view?usp=drive_link,https://drive.google.com/file/d/1SOP_EXAMPLE_FILE/view?usp=sharing,2025-12-15,2026-12-15,Civil Engineering,Dr. Faculty 4,incharge.jc407@srmap.edu.in,2026-09-30,2026-07-31,2024-04-15,358000,ABC Technologies,2027-03-31,Institute Fund,SRMAP-MM-000088,Breadboard Set,Breadboard Set,Consumable,Civil Engineering,Consumable,SRMAP Standard,BREA-188,VEN-00188,Nos.,15 Days,RC-2026-CIV-01,Lab Consumables,Cost Center,Civil Engineering,Not Applicable,Standard Price,GST 18%,90230090,Yes,JC407,100 Nos.,No,24 Months,JC407,"ABC Technologies, XYZ Systems",SRMA-BREA-088,https://drive.google.com/file/d/1IsPZVAOsWL0Sr5K1qUTATIn2MmLJxZnJ/view?usp=drive_link,Specification sheet attached / to be updated,Demo master data; replace during final inventory validation
JC407,JC Bose Block,Logic Analyzer,https://drive.google.com/file/d/1PO_EXAMPLE_089/view?usp=sharing,https://drive.google.com/file/d/1IsPZVAOsWL0Sr5K1qUTATIn2MmLJxZnJ/view?usp=drive_link,https://drive.google.com/file/d/1SOP_EXAMPLE_FILE/view?usp=sharing,2025-12-15,2026-12-15,Civil Engineering,Dr. Faculty 5,incharge.jc407@srmap.edu.in,2026-09-30,2026-07-31,2024-05-15,361500,ABC Technologies,2027-03-31,Institute Fund,SRMAP-MM-000089,Logic Analyzer,Logic Analyzer,Asset,Civil Engineering,Capital Asset,Keysight,LOGI-189,VEN-00189,Nos.,15 Days,RC-2026-CIV-01,Capital Equipment,Asset,Civil Engineering,Laboratory Equipment,Standard Price,GST 18%,90230090,Yes,JC407,1 Nos.,Yes,Not Applicable,JC407,"ABC Technologies, XYZ Systems",KEYS-LOGI-089,https://drive.google.com/file/d/1IsPZVAOsWL0Sr5K1qUTATIn2MmLJxZnJ/view?usp=drive_link,Specification sheet attached / to be updated,Demo master data; replace during final inventory validation
JC408,JC Bose Block,Laser Cutter,https://drive.google.com/file/d/1PO_EXAMPLE_JC408_LASER/view?usp=sharing,https://drive.google.com/file/d/1IsPZVAOsWL0Sr5K1qUTATIn2MmLJxZnJ/view?usp=drive_link,https://drive.google.com/file/d/1SOP_EXAMPLE_FILE/view?usp=sharing,2025-12-15,2026-12-15,Civil Engineering,Dr. Faculty 6,incharge.jc408@srmap.edu.in,2026-09-30,2026-07-31,2024-06-15,365000,ABC Technologies,2027-03-31,Institute Fund,SRMAP-MM-000090,Laser Cutter,Laser Cutter,Asset,Civil Engineering,Capital Asset,Bosch,LASE-190,VEN-00190,Nos.,15 Days,RC-2026-CIV-01,Capital Equipment,Asset,Civil Engineering,Laboratory Equipment,Standard Price,GST 18%,90230090,Yes,JC408,1 Nos.,Yes,Not Applicable,JC408,"ABC Technologies, XYZ Systems",BOSC-LASE-090,https://drive.google.com/file/d/1IsPZVAOsWL0Sr5K1qUTATIn2MmLJxZnJ/view?usp=drive_link,Specification sheet attached / to be updated,Demo master data; replace during final inventory validation
JC408,JC Bose Block,3D Printer,https://drive.google.com/file/d/1PO_EXAMPLE_091/view?usp=sharing,https://drive.google.com/file/d/1IsPZVAOsWL0Sr5K1qUTATIn2MmLJxZnJ/view?usp=drive_link,https://drive.google.com/file/d/1SOP_EXAMPLE_FILE/view?usp=sharing,2025-12-15,2026-12-15,Civil Engineering,Dr. Faculty 7,incharge.jc408@srmap.edu.in,2026-09-30,2026-07-31,2024-07-15,368500,ABC Technologies,2027-03-31,Institute Fund,SRMAP-MM-000091,3D Printer,3D Printer,Asset,Civil Engineering,Capital Asset,Bosch,3DPR-191,VEN-00191,Nos.,15 Days,RC-2026-CIV-01,Capital Equipment,Asset,Civil Engineering,Laboratory Equipment,Standard Price,GST 18%,90230090,Yes,JC408,1 Nos.,Yes,Not Applicable,JC408,"ABC Technologies, XYZ Systems",BOSC-3DPR-091,https://drive.google.com/file/d/1IsPZVAOsWL0Sr5K1qUTATIn2MmLJxZnJ/view?usp=drive_link,Specification sheet attached / to be updated,Demo master data; replace during final inventory validation
JC408,JC Bose Block,CNC Machine,https://drive.google.com/file/d/1PO_EXAMPLE_092/view?usp=sharing,https://drive.google.com/file/d/1IsPZVAOsWL0Sr5K1qUTATIn2MmLJxZnJ/view?usp=drive_link,https://drive.google.com/file/d/1SOP_EXAMPLE_FILE/view?usp=sharing,2025-12-15,2026-12-15,Civil Engineering,Dr. Faculty 8,incharge.jc408@srmap.edu.in,2026-09-30,2026-07-31,2024-08-15,372000,ABC Technologies,2027-03-31,Institute Fund,SRMAP-MM-000092,CNC Machine,CNC Machine,Asset,Civil Engineering,Capital Asset,Bosch,CNCM-192,VEN-00192,Nos.,15 Days,RC-2026-CIV-01,Capital Equipment,Asset,Civil Engineering,Laboratory Equipment,Standard Price,GST 18%,90230090,Yes,JC408,1 Nos.,Yes,Not Applicable,JC408,"ABC Technologies, XYZ Systems",BOSC-CNCM-092,https://drive.google.com/file/d/1IsPZVAOsWL0Sr5K1qUTATIn2MmLJxZnJ/view?usp=drive_link,Specification sheet attached / to be updated,Demo master data; replace during final inventory validation
JC409,JC Bose Block,Oscilloscope,https://drive.google.com/file/d/1PO_EXAMPLE_093/view?usp=sharing,https://drive.google.com/file/d/1IsPZVAOsWL0Sr5K1qUTATIn2MmLJxZnJ/view?usp=drive_link,https://drive.google.com/file/d/1SOP_EXAMPLE_FILE/view?usp=sharing,2025-12-15,2026-12-15,Civil Engineering,Dr. Faculty 9,incharge.jc409@srmap.edu.in,2026-09-30,2026-07-31,2024-09-15,375500,ABC Technologies,2027-03-31,Institute Fund,SRMAP-MM-000093,Oscilloscope,Oscilloscope,Asset,Civil Engineering,Capital Asset,Keysight,OSCI-193,VEN-00193,Nos.,15 Days,RC-2026-CIV-01,Capital Equipment,Asset,Civil Engineering,Laboratory Equipment,Standard Price,GST 18%,90230090,Yes,JC409,1 Nos.,Yes,Not Applicable,JC409,"ABC Technologies, XYZ Systems",KEYS-OSCI-093,https://drive.google.com/file/d/1IsPZVAOsWL0Sr5K1qUTATIn2MmLJxZnJ/view?usp=drive_link,Specification sheet attached / to be updated,Demo master data; replace during final inventory validation
JC409,JC Bose Block,Digital Multimeter,https://drive.google.com/file/d/1PO_EXAMPLE_094/view?usp=sharing,https://drive.google.com/file/d/1IsPZVAOsWL0Sr5K1qUTATIn2MmLJxZnJ/view?usp=drive_link,https://drive.google.com/file/d/1SOP_EXAMPLE_FILE/view?usp=sharing,2025-12-15,2026-12-15,Civil Engineering,Dr. Faculty 10,incharge.jc409@srmap.edu.in,2026-09-30,2026-07-31,2024-10-15,379000,ABC Technologies,2027-03-31,Institute Fund,SRMAP-MM-000094,Digital Multimeter,Digital Multimeter,Asset,Civil Engineering,Capital Asset,SRMAP Standard,DIGI-194,VEN-00194,Nos.,15 Days,RC-2026-CIV-01,Capital Equipment,Asset,Civil Engineering,Laboratory Equipment,Standard Price,GST 18%,90230090,Yes,JC409,1 Nos.,Yes,Not Applicable,JC409,"ABC Technologies, XYZ Systems",SRMA-DIGI-094,https://drive.google.com/file/d/1IsPZVAOsWL0Sr5K1qUTATIn2MmLJxZnJ/view?usp=drive_link,Specification sheet attached / to be updated,Demo master data; replace during final inventory validation
JC409,JC Bose Block,Power Supply,https://drive.google.com/file/d/1PO_EXAMPLE_095/view?usp=sharing,https://drive.google.com/file/d/1IsPZVAOsWL0Sr5K1qUTATIn2MmLJxZnJ/view?usp=drive_link,https://drive.google.com/file/d/1SOP_EXAMPLE_FILE/view?usp=sharing,2025-12-15,2026-12-15,Civil Engineering,Dr. Faculty 11,incharge.jc409@srmap.edu.in,2026-09-30,2026-07-31,2024-11-15,382500,ABC Technologies,2027-03-31,Institute Fund,SRMAP-MM-000095,Power Supply,Power Supply,Asset,Civil Engineering,Capital Asset,Keysight,POWE-195,VEN-00195,Nos.,15 Days,RC-2026-CIV-01,Capital Equipment,Asset,Civil Engineering,Laboratory Equipment,Standard Price,GST 18%,90230090,Yes,JC409,1 Nos.,Yes,Not Applicable,JC409,"ABC Technologies, XYZ Systems",KEYS-POWE-095,https://drive.google.com/file/d/1IsPZVAOsWL0Sr5K1qUTATIn2MmLJxZnJ/view?usp=drive_link,Specification sheet attached / to be updated,Demo master data; replace during final inventory validation
JC410,JC Bose Block,Projector,https://drive.google.com/file/d/1PO_EXAMPLE_096/view?usp=sharing,https://drive.google.com/file/d/1IsPZVAOsWL0Sr5K1qUTATIn2MmLJxZnJ/view?usp=drive_link,https://drive.google.com/file/d/1SOP_EXAMPLE_FILE/view?usp=sharing,2025-12-15,2026-12-15,Civil Engineering,Dr. Faculty 12,incharge.jc410@srmap.edu.in,2026-09-30,2026-07-31,2024-12-15,386000,ABC Technologies,2027-03-31,Institute Fund,SRMAP-MM-000096,Projector,Projector,Asset,Civil Engineering,Capital Asset,Dell,PROJ-196,VEN-00196,Nos.,15 Days,RC-2026-CIV-01,Capital Equipment,Asset,Civil Engineering,Laboratory Equipment,Standard Price,GST 18%,90230090,Yes,JC410,1 Nos.,Yes,Not Applicable,JC410,"ABC Technologies, XYZ Systems",DELL-PROJ-096,https://drive.google.com/file/d/1IsPZVAOsWL0Sr5K1qUTATIn2MmLJxZnJ/view?usp=drive_link,Specification sheet attached / to be updated,Demo master data; replace during final inventory validation
JC410,JC Bose Block,Desktop Computer,https://drive.google.com/file/d/1PO_EXAMPLE_097/view?usp=sharing,https://drive.google.com/file/d/1IsPZVAOsWL0Sr5K1qUTATIn2MmLJxZnJ/view?usp=drive_link,https://drive.google.com/file/d/1SOP_EXAMPLE_FILE/view?usp=sharing,2025-12-15,2026-12-15,Civil Engineering,Dr. Faculty 1,incharge.jc410@srmap.edu.in,2026-09-30,2026-07-31,2024-01-15,389500,ABC Technologies,2027-03-31,Institute Fund,SRMAP-MM-000097,Desktop Computer,Desktop Computer,Asset,Civil Engineering,Capital Asset,Dell,DESK-197,VEN-00197,Nos.,15 Days,RC-2026-CIV-01,Capital Equipment,Asset,Civil Engineering,Laboratory Equipment,Standard Price,GST 18%,90230090,Yes,JC410,1 Nos.,Yes,Not Applicable,JC410,"ABC Technologies, XYZ Systems",DELL-DESK-097,https://drive.google.com/file/d/1IsPZVAOsWL0Sr5K1qUTATIn2MmLJxZnJ/view?usp=drive_link,Specification sheet attached / to be updated,Demo master data; replace during final inventory validation
JC410,JC Bose Block,UPS,https://drive.google.com/file/d/1PO_EXAMPLE_098/view?usp=sharing,https://drive.google.com/file/d/1IsPZVAOsWL0Sr5K1qUTATIn2MmLJxZnJ/view?usp=drive_link,https://drive.google.com/file/d/1SOP_EXAMPLE_FILE/view?usp=sharing,2025-12-15,2026-12-15,Civil Engineering,Dr. Faculty 2,incharge.jc410@srmap.edu.in,2026-09-30,2026-07-31,2024-02-15,393000,ABC Technologies,2027-03-31,Institute Fund,SRMAP-MM-000098,UPS,UPS,Asset,Civil Engineering,Capital Asset,Dell,UPS-198,VEN-00198,Nos.,15 Days,RC-2026-CIV-01,Capital Equipment,Asset,Civil Engineering,Laboratory Equipment,Standard Price,GST 18%,90230090,Yes,JC410,1 Nos.,Yes,Not Applicable,JC410,"ABC Technologies, XYZ Systems",DELL-UPS-098,https://drive.google.com/file/d/1IsPZVAOsWL0Sr5K1qUTATIn2MmLJxZnJ/view?usp=drive_link,Specification sheet attached / to be updated,Demo master data; replace during final inventory validation
JC410,JC Bose Block,Network Switch,https://drive.google.com/file/d/1PO_EXAMPLE_099/view?usp=sharing,https://drive.google.com/file/d/1IsPZVAOsWL0Sr5K1qUTATIn2MmLJxZnJ/view?usp=drive_link,https://drive.google.com/file/d/1SOP_EXAMPLE_FILE/view?usp=sharing,2025-12-15,2026-12-15,Civil Engineering,Dr. Faculty 3,incharge.jc410@srmap.edu.in,2026-09-30,2026-07-31,2024-03-15,396500,ABC Technologies,2027-03-31,Institute Fund,SRMAP-MM-000099,Network Switch,Network Switch,Asset,Civil Engineering,Capital Asset,Dell,NETW-199,VEN-00199,Nos.,15 Days,RC-2026-CIV-01,Capital Equipment,Asset,Civil Engineering,Laboratory Equipment,Standard Price,GST 18%,90230090,Yes,JC410,1 Nos.,Yes,Not Applicable,JC410,"ABC Technologies, XYZ Systems",DELL-NETW-099,https://drive.google.com/file/d/1IsPZVAOsWL0Sr5K1qUTATIn2MmLJxZnJ/view?usp=drive_link,Specification sheet attached / to be updated,Demo master data; replace during final inventory validation
JC411,JC Bose Block,Lathe Machine,https://drive.google.com/file/d/1PO_EXAMPLE_100/view?usp=sharing,https://drive.google.com/file/d/1IsPZVAOsWL0Sr5K1qUTATIn2MmLJxZnJ/view?usp=drive_link,https://drive.google.com/file/d/1SOP_EXAMPLE_FILE/view?usp=sharing,2025-12-15,2026-12-15,Civil Engineering,Dr. Faculty 4,incharge.jc411@srmap.edu.in,2026-09-30,2026-07-31,2024-04-15,400000,ABC Technologies,2027-03-31,Institute Fund,SRMAP-MM-000100,Lathe Machine,Lathe Machine,Asset,Civil Engineering,Capital Asset,Bosch,LATH-200,VEN-00200,Nos.,15 Days,RC-2026-CIV-01,Capital Equipment,Asset,Civil Engineering,Laboratory Equipment,Standard Price,GST 18%,90230090,Yes,JC411,1 Nos.,Yes,Not Applicable,JC411,"ABC Technologies, XYZ Systems",BOSC-LATH-100,https://drive.google.com/file/d/1IsPZVAOsWL0Sr5K1qUTATIn2MmLJxZnJ/view?usp=drive_link,Specification sheet attached / to be updated,Demo master data; replace during final inventory validation
JC411,JC Bose Block,Vacuum Pump,https://drive.google.com/file/d/1PO_EXAMPLE_101/view?usp=sharing,https://drive.google.com/file/d/1IsPZVAOsWL0Sr5K1qUTATIn2MmLJxZnJ/view?usp=drive_link,https://drive.google.com/file/d/1SOP_EXAMPLE_FILE/view?usp=sharing,2025-12-15,2026-12-15,Civil Engineering,Dr. Faculty 5,incharge.jc411@srmap.edu.in,2026-09-30,2026-07-31,2024-05-15,403500,ABC Technologies,2027-03-31,Institute Fund,SRMAP-MM-000101,Vacuum Pump,Vacuum Pump,Asset,Civil Engineering,Capital Asset,SRMAP Standard,VACU-201,VEN-00201,Nos.,15 Days,RC-2026-CIV-01,Capital Equipment,Asset,Civil Engineering,Laboratory Equipment,Standard Price,GST 18%,90230090,Yes,JC411,1 Nos.,Yes,Not Applicable,JC411,"ABC Technologies, XYZ Systems",SRMA-VACU-101,https://drive.google.com/file/d/1IsPZVAOsWL0Sr5K1qUTATIn2MmLJxZnJ/view?usp=drive_link,Specification sheet attached / to be updated,Demo master data; replace during final inventory validation
JC411,JC Bose Block,Soldering Station,https://drive.google.com/file/d/1PO_EXAMPLE_102/view?usp=sharing,https://drive.google.com/file/d/1IsPZVAOsWL0Sr5K1qUTATIn2MmLJxZnJ/view?usp=drive_link,https://drive.google.com/file/d/1SOP_EXAMPLE_FILE/view?usp=sharing,2025-12-15,2026-12-15,Civil Engineering,Dr. Faculty 6,incharge.jc411@srmap.edu.in,2026-09-30,2026-07-31,2024-06-15,407000,ABC Technologies,2027-03-31,Institute Fund,SRMAP-MM-000102,Soldering Station,Soldering Station,Asset,Civil Engineering,Capital Asset,SRMAP Standard,SOLD-202,VEN-00202,Nos.,15 Days,RC-2026-CIV-01,Capital Equipment,Asset,Civil Engineering,Laboratory Equipment,Standard Price,GST 18%,90230090,Yes,JC411,1 Nos.,Yes,Not Applicable,JC411,"ABC Technologies, XYZ Systems",SRMA-SOLD-102,https://drive.google.com/file/d/1IsPZVAOsWL0Sr5K1qUTATIn2MmLJxZnJ/view?usp=drive_link,Specification sheet attached / to be updated,Demo master data; replace during final inventory validation
